Row Number,CED Code 2021,CED,State,Postcode,Postcode Area (sq km),CED Area (sq km)
1,101,Banks,New South Wales,2170,54.319,49.4371
2,101,Banks,New South Wales,2172,3.6787,49.4371
3,101,Banks,New South Wales,2196,7.0679,49.4371
4,101,Banks,New South Wales,2209,4.2502,49.4371
5,101,Banks,New South Wales,2210,11.0963,49.4371
6,101,Banks,New South Wales,2211,7.3323,49.4371
7,101,Banks,New South Wales,2212,6.4088,49.4371
8,101,Banks,New South Wales,2213,10.0369,49.4371
9,101,Banks,New South Wales,2214,5.3711,49.4371
10,101,Banks,New South Wales,2217,6.2487,49.4371
11,101,Banks,New South Wales,2218,2.6615,49.4371
12,101,Banks,New South Wales,2220,5.144,49.4371
13,101,Banks,New South Wales,2221,5.3796,49.4371
14,101,Banks,New South Wales,2222,2.5457,49.4371
15,101,Banks,New South Wales,2223,7.253,49.4371
16,101,Banks,New South Wales,2234,39.7248,49.4371
17,102,Barton,New South Wales,2020,11.9607,39.547
18,102,Barton,New South Wales,2044,3.8539,39.547
19,102,Barton,New South Wales,2192,2.731,39.547
20,102,Barton,New South Wales,2193,4.1963,39.547
21,102,Barton,New South Wales,2194,3.3734,39.547
22,102,Barton,New South Wales,2203,2.0929,39.547
23,102,Barton,New South Wales,2204,5.7904,39.547
24,102,Barton,New South Wales,2205,4.244,39.547
25,102,Barton,New South Wales,2206,5.9786,39.547
26,102,Barton,New South Wales,2207,7.1852,39.547
27,102,Barton,New South Wales,2208,4.459,39.547
28,102,Barton,New South Wales,2209,4.2502,39.547
29,102,Barton,New South Wales,2216,5.5962,39.547
30,102,Barton,New South Wales,2217,6.2487,39.547
31,102,Barton,New South Wales,2218,2.6615,39.547
32,102,Barton,New South Wales,2220,5.144,39.547
33,102,Barton,New South Wales,2222,2.5457,39.547
34,103,Bennelong,New South Wales,2066,9.5786,58.691
35,103,Bennelong,New South Wales,2067,5.8196,58.691
36,103,Bennelong,New South Wales,2070,7.4617,58.691
37,103,Bennelong,New South Wales,2071,7.8221,58.691
38,103,Bennelong,New South Wales,2073,10.2515,58.691
39,103,Bennelong,New South Wales,2074,22.0151,58.691
40,103,Bennelong,New South Wales,2110,4.3304,58.691
41,103,Bennelong,New South Wales,2111,4.7162,58.691
42,103,Bennelong,New South Wales,2112,9.3018,58.691
43,103,Bennelong,New South Wales,2113,13.2159,58.691
44,103,Bennelong,New South Wales,2114,7.3639,58.691
45,103,Bennelong,New South Wales,2115,3.9347,58.691
46,103,Bennelong,New South Wales,2116,3.7975,58.691
47,103,Bennelong,New South Wales,2117,7.1268,58.691
48,103,Bennelong,New South Wales,2118,8.5068,58.691
49,103,Bennelong,New South Wales,2119,6.7407,58.691
50,103,Bennelong,New South Wales,2120,13.8137,58.691
51,103,Bennelong,New South Wales,2121,9.2015,58.691
52,103,Bennelong,New South Wales,2122,9.0576,58.691
53,103,Bennelong,New South Wales,2128,2.7,58.691
54,104,Berowra,New South Wales,2074,22.0151,743.9867
55,104,Berowra,New South Wales,2076,15.8484,743.9867
56,104,Berowra,New South Wales,2077,22.8664,743.9867
57,104,Berowra,New South Wales,2079,11.0623,743.9867
58,104,Berowra,New South Wales,2080,10.5767,743.9867
59,104,Berowra,New South Wales,2081,40.1939,743.9867
60,104,Berowra,New South Wales,2082,9.6876,743.9867
61,104,Berowra,New South Wales,2083,45.774,743.9867
62,104,Berowra,New South Wales,2118,8.5068,743.9867
63,104,Berowra,New South Wales,2119,6.7407,743.9867
64,104,Berowra,New South Wales,2120,13.8137,743.9867
65,104,Berowra,New South Wales,2121,9.2015,743.9867
66,104,Berowra,New South Wales,2125,9.2916,743.9867
67,104,Berowra,New South Wales,2126,8.2603,743.9867
68,104,Berowra,New South Wales,2151,10.7334,743.9867
69,104,Berowra,New South Wales,2154,18.8102,743.9867
70,104,Berowra,New South Wales,2155,36.388,743.9867
71,104,Berowra,New South Wales,2156,62.9548,743.9867
72,104,Berowra,New South Wales,2157,148.4858,743.9867
73,104,Berowra,New South Wales,2158,41.7948,743.9867
74,104,Berowra,New South Wales,2159,127.4464,743.9867
75,104,Berowra,New South Wales,2756,1486.8709,743.9867
76,104,Berowra,New South Wales,2765,127.5271,743.9867
77,104,Berowra,New South Wales,2775,833.1402,743.9867
78,105,Blaxland,New South Wales,2128,2.7,60.9795
79,105,Blaxland,New South Wales,2141,11.9359,60.9795
80,105,Blaxland,New South Wales,2142,10.9833,60.9795
81,105,Blaxland,New South Wales,2143,4.3104,60.9795
82,105,Blaxland,New South Wales,2144,8.5637,60.9795
83,105,Blaxland,New South Wales,2160,8.4346,60.9795
84,105,Blaxland,New South Wales,2161,11.2122,60.9795
85,105,Blaxland,New South Wales,2162,5.7908,60.9795
86,105,Blaxland,New South Wales,2163,6.3533,60.9795
87,105,Blaxland,New South Wales,2165,11.12,60.9795
88,105,Blaxland,New South Wales,2166,15.2543,60.9795
89,105,Blaxland,New South Wales,2170,54.319,60.9795
90,105,Blaxland,New South Wales,2190,9.7772,60.9795
91,105,Blaxland,New South Wales,2196,7.0679,60.9795
92,105,Blaxland,New South Wales,2197,2.9286,60.9795
93,105,Blaxland,New South Wales,2198,3.3233,60.9795
94,105,Blaxland,New South Wales,2199,4.6181,60.9795
95,105,Blaxland,New South Wales,2200,13.9792,60.9795
96,105,Blaxland,New South Wales,2211,7.3323,60.9795
97,105,Blaxland,New South Wales,2212,6.4088,60.9795
98,105,Blaxland,New South Wales,2213,10.0369,60.9795
99,105,Blaxland,New South Wales,2214,5.3711,60.9795
100,106,Bradfield,New South Wales,2067,5.8196,99.4745
101,106,Bradfield,New South Wales,2068,5.6655,99.4745
102,106,Bradfield,New South Wales,2069,7.5302,99.4745
103,106,Bradfield,New South Wales,2070,7.4617,99.4745
104,106,Bradfield,New South Wales,2071,7.8221,99.4745
105,106,Bradfield,New South Wales,2072,3.7885,99.4745
106,106,Bradfield,New South Wales,2073,10.2515,99.4745
107,106,Bradfield,New South Wales,2074,22.0151,99.4745
108,106,Bradfield,New South Wales,2075,17.7425,99.4745
109,106,Bradfield,New South Wales,2076,15.8484,99.4745
110,106,Bradfield,New South Wales,2077,22.8664,99.4745
111,106,Bradfield,New South Wales,2079,11.0623,99.4745
112,106,Bradfield,New South Wales,2084,107.3731,99.4745
113,106,Bradfield,New South Wales,2085,16.0513,99.4745
114,106,Bradfield,New South Wales,2086,8.0742,99.4745
115,106,Bradfield,New South Wales,2087,8.9311,99.4745
116,106,Bradfield,New South Wales,2113,13.2159,99.4745
117,106,Bradfield,New South Wales,2120,13.8137,99.4745
118,106,Bradfield,New South Wales,2121,9.2015,99.4745
119,106,Bradfield,New South Wales,2122,9.0576,99.4745
120,107,Calare,New South Wales,2328,1634.8508,32648.0514
121,107,Calare,New South Wales,2329,3056.2045,32648.0514
122,107,Calare,New South Wales,2330,4730.8949,32648.0514
123,107,Calare,New South Wales,2580,5512.6655,32648.0514
124,107,Calare,New South Wales,2583,3382.6891,32648.0514
125,107,Calare,New South Wales,2756,1486.8709,32648.0514
126,107,Calare,New South Wales,2758,572.1443,32648.0514
127,107,Calare,New South Wales,2785,128.6447,32648.0514
128,107,Calare,New South Wales,2786,84.7603,32648.0514
129,107,Calare,New South Wales,2787,4632.7818,32648.0514
130,107,Calare,New South Wales,2790,2481.3231,32648.0514
131,107,Calare,New South Wales,2791,184.9651,32648.0514
132,107,Calare,New South Wales,2792,369.6931,32648.0514
133,107,Calare,New South Wales,2793,648.0055,32648.0514
134,107,Calare,New South Wales,2795,5307.5248,32648.0514
135,107,Calare,New South Wales,2797,147.8245,32648.0514
136,107,Calare,New South Wales,2798,268.7089,32648.0514
137,107,Calare,New South Wales,2799,630.7998,32648.0514
138,107,Calare,New South Wales,2800,1993.9511,32648.0514
139,107,Calare,New South Wales,2804,878.0498,32648.0514
140,107,Calare,New South Wales,2805,289.854,32648.0514
141,107,Calare,New South Wales,2806,519.6961,32648.0514
142,107,Calare,New South Wales,2818,471.7655,32648.0514
143,107,Calare,New South Wales,2820,2438.751,32648.0514
144,107,Calare,New South Wales,2830,3017.4938,32648.0514
145,107,Calare,New South Wales,2831,22389.3649,32648.0514
146,107,Calare,New South Wales,2844,1821.5658,32648.0514
147,107,Calare,New South Wales,2845,67.0705,32648.0514
148,107,Calare,New South Wales,2846,591.8498,32648.0514
149,107,Calare,New South Wales,2847,98.897,32648.0514
150,107,Calare,New South Wales,2848,166.2149,32648.0514
151,107,Calare,New South Wales,2849,2801.0405,32648.0514
152,107,Calare,New South Wales,2850,6005.3758,32648.0514
153,107,Calare,New South Wales,2852,1240.991,32648.0514
154,107,Calare,New South Wales,2864,438.2457,32648.0514
155,107,Calare,New South Wales,2865,620.1745,32648.0514
156,107,Calare,New South Wales,2866,1198.7089,32648.0514
157,107,Calare,New South Wales,2867,1042.378,32648.0514
158,107,Calare,New South Wales,2868,777.9814,32648.0514
159,107,Calare,New South Wales,2869,2103.7978,32648.0514
160,107,Calare,New South Wales,2870,2453.9995,32648.0514
161,107,Calare,New South Wales,2871,3837.8532,32648.0514
162,108,Chifley,New South Wales,2148,37.6817,125.8036
163,108,Chifley,New South Wales,2747,55.0667,125.8036
164,108,Chifley,New South Wales,2756,1486.8709,125.8036
165,108,Chifley,New South Wales,2760,19.9308,125.8036
166,108,Chifley,New South Wales,2761,14.7648,125.8036
167,108,Chifley,New South Wales,2762,12.5171,125.8036
168,108,Chifley,New South Wales,2763,13.0157,125.8036
169,108,Chifley,New South Wales,2765,127.5271,125.8036
170,108,Chifley,New South Wales,2766,27.2383,125.8036
171,108,Chifley,New South Wales,2767,10.1088,125.8036
172,108,Chifley,New South Wales,2770,24.7303,125.8036
173,109,Cook,New South Wales,2216,5.5962,64.4127
174,109,Cook,New South Wales,2217,6.2487,64.4127
175,109,Cook,New South Wales,2218,2.6615,64.4127
176,109,Cook,New South Wales,2219,3.7807,64.4127
177,109,Cook,New South Wales,2221,5.3796,64.4127
178,109,Cook,New South Wales,2224,4.6882,64.4127
179,109,Cook,New South Wales,2227,4.5976,64.4127
180,109,Cook,New South Wales,2228,5.9464,64.4127
181,109,Cook,New South Wales,2229,10.7805,64.4127
182,109,Cook,New South Wales,2230,9.0449,64.4127
183,109,Cook,New South Wales,2231,19.3454,64.4127
184,109,Cook,New South Wales,2232,153.5693,64.4127
185,110,Cowper,New South Wales,2350,4543.2274,7286.0543
186,110,Cowper,New South Wales,2354,7142.1491,7286.0543
187,110,Cowper,New South Wales,2431,45.9673,7286.0543
188,110,Cowper,New South Wales,2440,3604.2396,7286.0543
189,110,Cowper,New South Wales,2441,992.7849,7286.0543
190,110,Cowper,New South Wales,2444,222.4491,7286.0543
191,110,Cowper,New South Wales,2446,2233.1607,7286.0543
192,110,Cowper,New South Wales,2447,566.6442,7286.0543
193,110,Cowper,New South Wales,2448,115.0676,7286.0543
194,110,Cowper,New South Wales,2449,570.7344,7286.0543
195,110,Cowper,New South Wales,2450,1019.718,7286.0543
196,110,Cowper,New South Wales,2452,12.7764,7286.0543
197,110,Cowper,New South Wales,2453,2157.9951,7286.0543
198,110,Cowper,New South Wales,2454,975.6046,7286.0543
199,110,Cowper,New South Wales,2455,48.0551,7286.0543
200,110,Cowper,New South Wales,2460,6630.3495,7286.0543
201,111,Cunningham,New South Wales,2173,192.8683,490.4266
202,111,Cunningham,New South Wales,2232,153.5693,490.4266
203,111,Cunningham,New South Wales,2233,40.831,490.4266
204,111,Cunningham,New South Wales,2500,27.1582,490.4266
205,111,Cunningham,New South Wales,2502,9.1601,490.4266
206,111,Cunningham,New South Wales,2505,13.8266,490.4266
207,111,Cunningham,New South Wales,2508,162.241,490.4266
208,111,Cunningham,New South Wales,2515,14.2268,490.4266
209,111,Cunningham,New South Wales,2516,8.6615,490.4266
210,111,Cunningham,New South Wales,2517,9.0099,490.4266
211,111,Cunningham,New South Wales,2518,12.7193,490.4266
212,111,Cunningham,New South Wales,2519,9.2816,490.4266
213,111,Cunningham,New South Wales,2525,8.5595,490.4266
214,111,Cunningham,New South Wales,2526,132.2947,490.4266
215,111,Cunningham,New South Wales,2530,88.3672,490.4266
216,111,Cunningham,New South Wales,2560,411.3136,490.4266
217,111,Cunningham,New South Wales,2574,350.23,490.4266
218,112,Dobell,New South Wales,2250,691.6342,715.1442
219,112,Dobell,New South Wales,2258,121.2568,715.1442
220,112,Dobell,New South Wales,2259,524.7348,715.1442
221,112,Dobell,New South Wales,2260,23.6207,715.1442
222,112,Dobell,New South Wales,2261,51.4591,715.1442
223,112,Dobell,New South Wales,2262,33.7717,715.1442
224,112,Dobell,New South Wales,2263,22.3942,715.1442
225,112,Dobell,New South Wales,2264,115.1942,715.1442
226,112,Dobell,New South Wales,2265,136.0018,715.1442
227,112,Dobell,New South Wales,2325,1605.0648,715.1442
228,113,Eden-Monaro,New South Wales,2536,974.8377,41714.6559
229,113,Eden-Monaro,New South Wales,2537,1167.0234,41714.6559
230,113,Eden-Monaro,New South Wales,2545,876.5468,41714.6559
231,113,Eden-Monaro,New South Wales,2546,911.2673,41714.6559
232,113,Eden-Monaro,New South Wales,2548,120.1179,41714.6559
233,113,Eden-Monaro,New South Wales,2549,222.9511,41714.6559
234,113,Eden-Monaro,New South Wales,2550,3966.6591,41714.6559
235,113,Eden-Monaro,New South Wales,2551,1397.7681,41714.6559
236,113,Eden-Monaro,New South Wales,2580,5512.6655,41714.6559
237,113,Eden-Monaro,New South Wales,2581,2106.6075,41714.6559
238,113,Eden-Monaro,New South Wales,2582,3130.1184,41714.6559
239,113,Eden-Monaro,New South Wales,2584,281.3129,41714.6559
240,113,Eden-Monaro,New South Wales,2585,260.132,41714.6559
241,113,Eden-Monaro,New South Wales,2586,2323.2503,41714.6559
242,113,Eden-Monaro,New South Wales,2600,23.345,41714.6559
243,113,Eden-Monaro,New South Wales,2609,127.7951,41714.6559
244,113,Eden-Monaro,New South Wales,2611,1558.6312,41714.6559
245,113,Eden-Monaro,New South Wales,2615,36.9984,41714.6559
246,113,Eden-Monaro,New South Wales,2617,37.0115,41714.6559
247,113,Eden-Monaro,New South Wales,2618,216.6295,41714.6559
248,113,Eden-Monaro,New South Wales,2619,11.3316,41714.6559
249,113,Eden-Monaro,New South Wales,2620,2869.8201,41714.6559
250,113,Eden-Monaro,New South Wales,2621,853.2512,41714.6559
251,113,Eden-Monaro,New South Wales,2622,4256.1145,41714.6559
252,113,Eden-Monaro,New South Wales,2623,166.9084,41714.6559
253,113,Eden-Monaro,New South Wales,2624,348.5647,41714.6559
254,113,Eden-Monaro,New South Wales,2625,1.0856,41714.6559
255,113,Eden-Monaro,New South Wales,2626,383.5704,41714.6559
256,113,Eden-Monaro,New South Wales,2627,1994.6112,41714.6559
257,113,Eden-Monaro,New South Wales,2628,2337.0094,41714.6559
258,113,Eden-Monaro,New South Wales,2629,2054.5144,41714.6559
259,113,Eden-Monaro,New South Wales,2630,4206.3548,41714.6559
260,113,Eden-Monaro,New South Wales,2631,1199.4934,41714.6559
261,113,Eden-Monaro,New South Wales,2632,1824.9879,41714.6559
262,113,Eden-Monaro,New South Wales,2633,766.4927,41714.6559
263,113,Eden-Monaro,New South Wales,2640,1029.4042,41714.6559
264,113,Eden-Monaro,New South Wales,2642,4076.8,41714.6559
265,113,Eden-Monaro,New South Wales,2644,2157.7365,41714.6559
266,113,Eden-Monaro,New South Wales,2649,247.113,41714.6559
267,113,Eden-Monaro,New South Wales,2650,4061.238,41714.6559
268,113,Eden-Monaro,New South Wales,2652,6116.1137,41714.6559
269,113,Eden-Monaro,New South Wales,2653,1228.8205,41714.6559
270,113,Eden-Monaro,New South Wales,2720,2485.6548,41714.6559
271,113,Eden-Monaro,New South Wales,2722,1576.1373,41714.6559
272,113,Eden-Monaro,New South Wales,2727,772.9227,41714.6559
273,113,Eden-Monaro,New South Wales,2729,933.1202,41714.6559
274,113,Eden-Monaro,New South Wales,2730,420.4856,41714.6559
275,113,Eden-Monaro,New South Wales,2900,101.0226,41714.6559
276,113,Eden-Monaro,New South Wales,2912,31.9188,41714.6559
277,114,Farrer,New South Wales,2640,1029.4042,126562.8993
278,114,Farrer,New South Wales,2641,33.5384,126562.8993
279,114,Farrer,New South Wales,2642,4076.8,126562.8993
280,114,Farrer,New South Wales,2643,156.4024,126562.8993
281,114,Farrer,New South Wales,2644,2157.7365,126562.8993
282,114,Farrer,New South Wales,2645,1181.6879,126562.8993
283,114,Farrer,New South Wales,2646,2895.4549,126562.8993
284,114,Farrer,New South Wales,2647,357.3501,126562.8993
285,114,Farrer,New South Wales,2648,23909.7281,126562.8993
286,114,Farrer,New South Wales,2650,4061.238,126562.8993
287,114,Farrer,New South Wales,2652,6116.1137,126562.8993
288,114,Farrer,New South Wales,2653,1228.8205,126562.8993
289,114,Farrer,New South Wales,2656,1497.1368,126562.8993
290,114,Farrer,New South Wales,2658,748.0545,126562.8993
291,114,Farrer,New South Wales,2659,367.5445,126562.8993
292,114,Farrer,New South Wales,2660,451.2793,126562.8993
293,114,Farrer,New South Wales,2665,4109.6274,126562.8993
294,114,Farrer,New South Wales,2669,6295.346,126562.8993
295,114,Farrer,New South Wales,2672,1794.2389,126562.8993
296,114,Farrer,New South Wales,2675,8518.5583,126562.8993
297,114,Farrer,New South Wales,2680,1894.4513,126562.8993
298,114,Farrer,New South Wales,2681,471.7587,126562.8993
299,114,Farrer,New South Wales,2700,3016.2983,126562.8993
300,114,Farrer,New South Wales,2703,56.8879,126562.8993
301,114,Farrer,New South Wales,2705,1129.1529,126562.8993
302,114,Farrer,New South Wales,2706,725.4016,126562.8993
303,114,Farrer,New South Wales,2707,2112.3439,126562.8993
304,114,Farrer,New South Wales,2710,10466.1631,126562.8993
305,114,Farrer,New South Wales,2711,24180.255,126562.8993
306,114,Farrer,New South Wales,2712,966.5102,126562.8993
307,114,Farrer,New South Wales,2713,970.31,126562.8993
308,114,Farrer,New South Wales,2714,708.9706,126562.8993
309,114,Farrer,New South Wales,2715,13749.9032,126562.8993
310,114,Farrer,New South Wales,2716,2861.8271,126562.8993
311,114,Farrer,New South Wales,2717,120.7928,126562.8993
312,114,Farrer,New South Wales,2731,1428.1661,126562.8993
313,114,Farrer,New South Wales,2732,1849.8263,126562.8993
314,114,Farrer,New South Wales,2733,2279.3516,126562.8993
315,114,Farrer,New South Wales,2734,1755.2448,126562.8993
316,114,Farrer,New South Wales,2735,271.5656,126562.8993
317,114,Farrer,New South Wales,2736,213.1077,126562.8993
318,114,Farrer,New South Wales,2737,3345.8754,126562.8993
319,114,Farrer,New South Wales,2738,2066.851,126562.8993
320,114,Farrer,New South Wales,2739,50.1706,126562.8993
321,114,Farrer,New South Wales,2835,29975.1826,126562.8993
322,114,Farrer,New South Wales,2877,15332.1603,126562.8993
323,114,Farrer,New South Wales,2878,18261.1234,126562.8993
324,114,Farrer,New South Wales,2879,13320.0094,126562.8993
325,114,Farrer,New South Wales,2880,66191.4077,126562.8993
326,115,Fowler,New South Wales,2161,11.2122,60.2618
327,115,Fowler,New South Wales,2162,5.7908,60.2618
328,115,Fowler,New South Wales,2163,6.3533,60.2618
329,115,Fowler,New South Wales,2164,20.5159,60.2618
330,115,Fowler,New South Wales,2165,11.12,60.2618
331,115,Fowler,New South Wales,2166,15.2543,60.2618
332,115,Fowler,New South Wales,2168,12.8684,60.2618
333,115,Fowler,New South Wales,2170,54.319,60.2618
334,115,Fowler,New South Wales,2171,21.5331,60.2618
335,115,Fowler,New South Wales,2175,21.9683,60.2618
336,115,Fowler,New South Wales,2176,19.8468,60.2618
337,115,Fowler,New South Wales,2177,5.1959,60.2618
338,115,Fowler,New South Wales,2178,54.3241,60.2618
339,115,Fowler,New South Wales,2198,3.3233,60.2618
340,115,Fowler,New South Wales,2200,13.9792,60.2618
341,115,Fowler,New South Wales,2214,5.3711,60.2618
342,116,Gilmore,New South Wales,2527,96.0646,6254.6162
343,116,Gilmore,New South Wales,2529,40.4513,6254.6162
344,116,Gilmore,New South Wales,2533,106.4039,6254.6162
345,116,Gilmore,New South Wales,2534,76.2287,6254.6162
346,116,Gilmore,New South Wales,2535,247.9753,6254.6162
347,116,Gilmore,New South Wales,2536,974.8377,6254.6162
348,116,Gilmore,New South Wales,2537,1167.0234,6254.6162
349,116,Gilmore,New South Wales,2538,390.494,6254.6162
350,116,Gilmore,New South Wales,2539,686.0289,6254.6162
351,116,Gilmore,New South Wales,2540,1900.6655,6254.6162
352,116,Gilmore,New South Wales,2541,45.432,6254.6162
353,116,Gilmore,New South Wales,2545,876.5468,6254.6162
354,116,Gilmore,New South Wales,2577,1312.519,6254.6162
355,116,Gilmore,New South Wales,2579,860.117,6254.6162
356,116,Gilmore,New South Wales,2580,5512.6655,6254.6162
357,116,Gilmore,New South Wales,2622,4256.1145,6254.6162
358,117,Grayndler,New South Wales,2015,4.2157,27.6897
359,117,Grayndler,New South Wales,2020,11.9607,27.6897
360,117,Grayndler,New South Wales,2037,2.1374,27.6897
361,117,Grayndler,New South Wales,2038,1.4931,27.6897
362,117,Grayndler,New South Wales,2039,1.8337,27.6897
363,117,Grayndler,New South Wales,2040,4.754,27.6897
364,117,Grayndler,New South Wales,2041,2.4666,27.6897
365,117,Grayndler,New South Wales,2042,2.0446,27.6897
366,117,Grayndler,New South Wales,2043,0.8075,27.6897
367,117,Grayndler,New South Wales,2044,3.8539,27.6897
368,117,Grayndler,New South Wales,2045,2.3828,27.6897
369,117,Grayndler,New South Wales,2046,6.0148,27.6897
370,117,Grayndler,New South Wales,2048,1.218,27.6897
371,117,Grayndler,New South Wales,2049,1.929,27.6897
372,117,Grayndler,New South Wales,2050,1.5031,27.6897
373,117,Grayndler,New South Wales,2110,4.3304,27.6897
374,117,Grayndler,New South Wales,2130,1.2031,27.6897
375,117,Grayndler,New South Wales,2131,3.4144,27.6897
376,117,Grayndler,New South Wales,2132,2.4354,27.6897
377,117,Grayndler,New South Wales,2193,4.1963,27.6897
378,117,Grayndler,New South Wales,2203,2.0929,27.6897
379,117,Grayndler,New South Wales,2204,5.7904,27.6897
380,118,Greenway,New South Wales,2145,27.5671,81.2585
381,118,Greenway,New South Wales,2146,6.0077,81.2585
382,118,Greenway,New South Wales,2147,15.9973,81.2585
383,118,Greenway,New South Wales,2148,37.6817,81.2585
384,118,Greenway,New South Wales,2153,25.5852,81.2585
385,118,Greenway,New South Wales,2155,36.388,81.2585
386,118,Greenway,New South Wales,2762,12.5171,81.2585
387,118,Greenway,New South Wales,2763,13.0157,81.2585
388,118,Greenway,New South Wales,2765,127.5271,81.2585
389,118,Greenway,New South Wales,2768,9.0194,81.2585
390,118,Greenway,New South Wales,2769,4.6534,81.2585
391,119,Hughes,New South Wales,2167,6.9946,358.8192
392,119,Hughes,New South Wales,2170,54.319,358.8192
393,119,Hughes,New South Wales,2172,3.6787,358.8192
394,119,Hughes,New South Wales,2173,192.8683,358.8192
395,119,Hughes,New South Wales,2213,10.0369,358.8192
396,119,Hughes,New South Wales,2214,5.3711,358.8192
397,119,Hughes,New South Wales,2224,4.6882,358.8192
398,119,Hughes,New South Wales,2225,2.1022,358.8192
399,119,Hughes,New South Wales,2226,5.2222,358.8192
400,119,Hughes,New South Wales,2227,4.5976,358.8192
401,119,Hughes,New South Wales,2230,9.0449,358.8192
402,119,Hughes,New South Wales,2232,153.5693,358.8192
403,119,Hughes,New South Wales,2233,40.831,358.8192
404,119,Hughes,New South Wales,2234,39.7248,358.8192
405,119,Hughes,New South Wales,2508,162.241,358.8192
406,119,Hughes,New South Wales,2564,9.0236,358.8192
407,119,Hughes,New South Wales,2565,29.7009,358.8192
408,119,Hughes,New South Wales,2566,28.3019,358.8192
409,120,Hume,New South Wales,2173,192.8683,17259.7988
410,120,Hume,New South Wales,2508,162.241,17259.7988
411,120,Hume,New South Wales,2526,132.2947,17259.7988
412,120,Hume,New South Wales,2540,1900.6655,17259.7988
413,120,Hume,New South Wales,2555,26.981,17259.7988
414,120,Hume,New South Wales,2556,40.2134,17259.7988
415,120,Hume,New South Wales,2557,37.1205,17259.7988
416,120,Hume,New South Wales,2560,411.3136,17259.7988
417,120,Hume,New South Wales,2563,11.5603,17259.7988
418,120,Hume,New South Wales,2567,31.1557,17259.7988
419,120,Hume,New South Wales,2568,34.0936,17259.7988
420,120,Hume,New South Wales,2569,26.7707,17259.7988
421,120,Hume,New South Wales,2570,469.0775,17259.7988
422,120,Hume,New South Wales,2571,250.2842,17259.7988
423,120,Hume,New South Wales,2572,106.1734,17259.7988
424,120,Hume,New South Wales,2573,16.9784,17259.7988
425,120,Hume,New South Wales,2574,350.23,17259.7988
426,120,Hume,New South Wales,2575,981.4743,17259.7988
427,120,Hume,New South Wales,2577,1312.519,17259.7988
428,120,Hume,New South Wales,2578,47.9223,17259.7988
429,120,Hume,New South Wales,2579,860.117,17259.7988
430,120,Hume,New South Wales,2580,5512.6655,17259.7988
431,120,Hume,New South Wales,2581,2106.6075,17259.7988
432,120,Hume,New South Wales,2582,3130.1184,17259.7988
433,120,Hume,New South Wales,2583,3382.6891,17259.7988
434,120,Hume,New South Wales,2584,281.3129,17259.7988
435,120,Hume,New South Wales,2585,260.132,17259.7988
436,120,Hume,New South Wales,2586,2323.2503,17259.7988
437,120,Hume,New South Wales,2594,2418.7155,17259.7988
438,120,Hume,New South Wales,2620,2869.8201,17259.7988
439,120,Hume,New South Wales,2622,4256.1145,17259.7988
440,120,Hume,New South Wales,2745,168.7608,17259.7988
441,120,Hume,New South Wales,2752,53.5688,17259.7988
442,120,Hume,New South Wales,2787,4632.7818,17259.7988
443,120,Hume,New South Wales,2793,648.0055,17259.7988
444,120,Hume,New South Wales,2794,1408.2658,17259.7988
445,120,Hume,New South Wales,2795,5307.5248,17259.7988
446,120,Hume,New South Wales,2803,342.0982,17259.7988
447,120,Hume,New South Wales,2807,299.7008,17259.7988
448,120,Hume,New South Wales,2808,242.5414,17259.7988
449,121,Hunter,New South Wales,2250,691.6342,10562.2591
450,121,Hunter,New South Wales,2259,524.7348,10562.2591
451,121,Hunter,New South Wales,2262,33.7717,10562.2591
452,121,Hunter,New South Wales,2264,115.1942,10562.2591
453,121,Hunter,New South Wales,2265,136.0018,10562.2591
454,121,Hunter,New South Wales,2267,3.6556,10562.2591
455,121,Hunter,New South Wales,2278,45.0568,10562.2591
456,121,Hunter,New South Wales,2283,59.2496,10562.2591
457,121,Hunter,New South Wales,2284,24.2726,10562.2591
458,121,Hunter,New South Wales,2285,32.3918,10562.2591
459,121,Hunter,New South Wales,2286,25.2353,10562.2591
460,121,Hunter,New South Wales,2287,38.0741,10562.2591
461,121,Hunter,New South Wales,2311,783.5898,10562.2591
462,121,Hunter,New South Wales,2320,403.8742,10562.2591
463,121,Hunter,New South Wales,2321,361.6288,10562.2591
464,121,Hunter,New South Wales,2322,168.2091,10562.2591
465,121,Hunter,New South Wales,2323,207.9467,10562.2591
466,121,Hunter,New South Wales,2325,1605.0648,10562.2591
467,121,Hunter,New South Wales,2326,80.9068,10562.2591
468,121,Hunter,New South Wales,2328,1634.8508,10562.2591
469,121,Hunter,New South Wales,2329,3056.2045,10562.2591
470,121,Hunter,New South Wales,2330,4730.8949,10562.2591
471,121,Hunter,New South Wales,2331,137.2978,10562.2591
472,121,Hunter,New South Wales,2333,1691.3907,10562.2591
473,121,Hunter,New South Wales,2334,20.7073,10562.2591
474,121,Hunter,New South Wales,2335,268.4372,10562.2591
475,121,Hunter,New South Wales,2336,888.9717,10562.2591
476,121,Hunter,New South Wales,2337,3331.7268,10562.2591
477,121,Hunter,New South Wales,2421,244.7457,10562.2591
478,121,Hunter,New South Wales,2756,1486.8709,10562.2591
479,121,Hunter,New South Wales,2775,833.1402,10562.2591
480,121,Hunter,New South Wales,2849,2801.0405,10562.2591
481,122,Kingsford Smith,New South Wales,2015,4.2157,58.5024
482,122,Kingsford Smith,New South Wales,2017,1.9386,58.5024
483,122,Kingsford Smith,New South Wales,2018,3.9305,58.5024
484,122,Kingsford Smith,New South Wales,2019,7.3691,58.5024
485,122,Kingsford Smith,New South Wales,2020,11.9607,58.5024
486,122,Kingsford Smith,New South Wales,2021,5.7186,58.5024
487,122,Kingsford Smith,New South Wales,2031,6.094,58.5024
488,122,Kingsford Smith,New South Wales,2032,2.475,58.5024
489,122,Kingsford Smith,New South Wales,2033,2.6691,58.5024
490,122,Kingsford Smith,New South Wales,2034,3.0497,58.5024
491,122,Kingsford Smith,New South Wales,2035,8.1207,58.5024
492,122,Kingsford Smith,New South Wales,2036,15.7131,58.5024
493,122,Kingsford Smith,New South Wales,2044,3.8539,58.5024
494,122,Kingsford Smith,New South Wales,2205,4.244,58.5024
495,122,Kingsford Smith,New South Wales,2216,5.5962,58.5024
496,123,Lindsay,New South Wales,2178,54.3241,330.5664
497,123,Lindsay,New South Wales,2555,26.981,330.5664
498,123,Lindsay,New South Wales,2745,168.7608,330.5664
499,123,Lindsay,New South Wales,2747,55.0667,330.5664
500,123,Lindsay,New South Wales,2748,43.0734,330.5664
501,123,Lindsay,New South Wales,2749,47.0936,330.5664
502,123,Lindsay,New South Wales,2750,35.3705,330.5664
503,123,Lindsay,New South Wales,2753,169.4419,330.5664
504,123,Lindsay,New South Wales,2756,1486.8709,330.5664
505,123,Lindsay,New South Wales,2759,15.5979,330.5664
506,123,Lindsay,New South Wales,2760,19.9308,330.5664
507,123,Lindsay,New South Wales,2765,127.5271,330.5664
508,123,Lindsay,New South Wales,2766,27.2383,330.5664
509,123,Lindsay,New South Wales,2770,24.7303,330.5664
510,123,Lindsay,New South Wales,2773,8.3936,330.5664
511,123,Lindsay,New South Wales,2774,21.2999,330.5664
512,123,Lindsay,New South Wales,2777,54.7327,330.5664
513,123,Lindsay,New South Wales,2787,4632.7818,330.5664
514,124,Lyne,New South Wales,2311,783.5898,16041.8507
515,124,Lyne,New South Wales,2312,181.2071,16041.8507
516,124,Lyne,New South Wales,2318,259.5244,16041.8507
517,124,Lyne,New South Wales,2320,403.8742,16041.8507
518,124,Lyne,New South Wales,2321,361.6288,16041.8507
519,124,Lyne,New South Wales,2323,207.9467,16041.8507
520,124,Lyne,New South Wales,2324,627.1611,16041.8507
521,124,Lyne,New South Wales,2330,4730.8949,16041.8507
522,124,Lyne,New South Wales,2334,20.7073,16041.8507
523,124,Lyne,New South Wales,2335,268.4372,16041.8507
524,124,Lyne,New South Wales,2336,888.9717,16041.8507
525,124,Lyne,New South Wales,2337,3331.7268,16041.8507
526,124,Lyne,New South Wales,2354,7142.1491,16041.8507
527,124,Lyne,New South Wales,2415,451.8325,16041.8507
528,124,Lyne,New South Wales,2420,1023.5128,16041.8507
529,124,Lyne,New South Wales,2421,244.7457,16041.8507
530,124,Lyne,New South Wales,2422,3212.5916,16041.8507
531,124,Lyne,New South Wales,2423,1346.2284,16041.8507
532,124,Lyne,New South Wales,2424,881.6889,16041.8507
533,124,Lyne,New South Wales,2425,518.0099,16041.8507
534,124,Lyne,New South Wales,2426,71.3349,16041.8507
535,124,Lyne,New South Wales,2427,39.8682,16041.8507
536,124,Lyne,New South Wales,2428,320.9401,16041.8507
537,124,Lyne,New South Wales,2429,1799.9008,16041.8507
538,124,Lyne,New South Wales,2430,843.4816,16041.8507
539,124,Lyne,New South Wales,2439,362.4229,16041.8507
540,124,Lyne,New South Wales,2440,3604.2396,16041.8507
541,124,Lyne,New South Wales,2441,992.7849,16041.8507
542,124,Lyne,New South Wales,2443,312.5374,16041.8507
543,124,Lyne,New South Wales,2444,222.4491,16041.8507
544,124,Lyne,New South Wales,2445,76.8106,16041.8507
545,124,Lyne,New South Wales,2446,2233.1607,16041.8507
546,125,Macarthur,New South Wales,2173,192.8683,361.5934
547,125,Macarthur,New South Wales,2179,36.53,361.5934
548,125,Macarthur,New South Wales,2508,162.241,361.5934
549,125,Macarthur,New South Wales,2556,40.2134,361.5934
550,125,Macarthur,New South Wales,2557,37.1205,361.5934
551,125,Macarthur,New South Wales,2558,7.6039,361.5934
552,125,Macarthur,New South Wales,2559,4.3495,361.5934
553,125,Macarthur,New South Wales,2560,411.3136,361.5934
554,125,Macarthur,New South Wales,2563,11.5603,361.5934
555,125,Macarthur,New South Wales,2564,9.0236,361.5934
556,125,Macarthur,New South Wales,2565,29.7009,361.5934
557,125,Macarthur,New South Wales,2566,28.3019,361.5934
558,125,Macarthur,New South Wales,2567,31.1557,361.5934
559,125,Macarthur,New South Wales,2568,34.0936,361.5934
560,125,Macarthur,New South Wales,2570,469.0775,361.5934
561,126,Mackellar,New South Wales,2069,7.5302,212.5278
562,126,Mackellar,New South Wales,2070,7.4617,212.5278
563,126,Mackellar,New South Wales,2071,7.8221,212.5278
564,126,Mackellar,New South Wales,2074,22.0151,212.5278
565,126,Mackellar,New South Wales,2075,17.7425,212.5278
566,126,Mackellar,New South Wales,2084,107.3731,212.5278
567,126,Mackellar,New South Wales,2085,16.0513,212.5278
568,126,Mackellar,New South Wales,2086,8.0742,212.5278
569,126,Mackellar,New South Wales,2087,8.9311,212.5278
570,126,Mackellar,New South Wales,2097,4.7508,212.5278
571,126,Mackellar,New South Wales,2099,18.7149,212.5278
572,126,Mackellar,New South Wales,2100,13.4698,212.5278
573,126,Mackellar,New South Wales,2101,26.6694,212.5278
574,126,Mackellar,New South Wales,2102,4.136,212.5278
575,126,Mackellar,New South Wales,2103,4.6646,212.5278
576,126,Mackellar,New South Wales,2104,3.7163,212.5278
577,126,Mackellar,New South Wales,2105,2.1888,212.5278
578,126,Mackellar,New South Wales,2106,3.8119,212.5278
579,126,Mackellar,New South Wales,2107,7.8756,212.5278
580,126,Mackellar,New South Wales,2108,2.9542,212.5278
581,127,Macquarie,New South Wales,2250,691.6342,4360.4273
582,127,Macquarie,New South Wales,2325,1605.0648,4360.4273
583,127,Macquarie,New South Wales,2330,4730.8949,4360.4273
584,127,Macquarie,New South Wales,2745,168.7608,4360.4273
585,127,Macquarie,New South Wales,2749,47.0936,4360.4273
586,127,Macquarie,New South Wales,2750,35.3705,4360.4273
587,127,Macquarie,New South Wales,2752,53.5688,4360.4273
588,127,Macquarie,New South Wales,2753,169.4419,4360.4273
589,127,Macquarie,New South Wales,2754,34.3251,4360.4273
590,127,Macquarie,New South Wales,2756,1486.8709,4360.4273
591,127,Macquarie,New South Wales,2757,8.3269,4360.4273
592,127,Macquarie,New South Wales,2758,572.1443,4360.4273
593,127,Macquarie,New South Wales,2765,127.5271,4360.4273
594,127,Macquarie,New South Wales,2773,8.3936,4360.4273
595,127,Macquarie,New South Wales,2774,21.2999,4360.4273
596,127,Macquarie,New South Wales,2775,833.1402,4360.4273
597,127,Macquarie,New South Wales,2776,14.932,4360.4273
598,127,Macquarie,New South Wales,2777,54.7327,4360.4273
599,127,Macquarie,New South Wales,2778,20.9602,4360.4273
600,127,Macquarie,New South Wales,2779,12.4995,4360.4273
601,127,Macquarie,New South Wales,2780,38.4603,4360.4273
602,127,Macquarie,New South Wales,2782,21.0358,4360.4273
603,127,Macquarie,New South Wales,2783,7.2887,4360.4273
604,127,Macquarie,New South Wales,2784,6.1389,4360.4273
605,127,Macquarie,New South Wales,2785,128.6447,4360.4273
606,127,Macquarie,New South Wales,2786,84.7603,4360.4273
607,127,Macquarie,New South Wales,2787,4632.7818,4360.4273
608,127,Macquarie,New South Wales,2790,2481.3231,4360.4273
609,127,Macquarie,New South Wales,2849,2801.0405,4360.4273
610,128,McMahon,New South Wales,2145,27.5671,172.8271
611,128,McMahon,New South Wales,2146,6.0077,172.8271
612,128,McMahon,New South Wales,2148,37.6817,172.8271
613,128,McMahon,New South Wales,2160,8.4346,172.8271
614,128,McMahon,New South Wales,2161,11.2122,172.8271
615,128,McMahon,New South Wales,2162,5.7908,172.8271
616,128,McMahon,New South Wales,2163,6.3533,172.8271
617,128,McMahon,New South Wales,2164,20.5159,172.8271
618,128,McMahon,New South Wales,2165,11.12,172.8271
619,128,McMahon,New South Wales,2166,15.2543,172.8271
620,128,McMahon,New South Wales,2171,21.5331,172.8271
621,128,McMahon,New South Wales,2175,21.9683,172.8271
622,128,McMahon,New South Wales,2176,19.8468,172.8271
623,128,McMahon,New South Wales,2178,54.3241,172.8271
624,128,McMahon,New South Wales,2555,26.981,172.8271
625,128,McMahon,New South Wales,2745,168.7608,172.8271
626,128,McMahon,New South Wales,2747,55.0667,172.8271
627,128,McMahon,New South Wales,2748,43.0734,172.8271
628,128,McMahon,New South Wales,2759,15.5979,172.8271
629,128,McMahon,New South Wales,2760,19.9308,172.8271
630,128,McMahon,New South Wales,2766,27.2383,172.8271
631,128,McMahon,New South Wales,2767,10.1088,172.8271
632,128,McMahon,New South Wales,2770,24.7303,172.8271
633,129,Mitchell,New South Wales,2118,8.5068,99.6797
634,129,Mitchell,New South Wales,2125,9.2916,99.6797
635,129,Mitchell,New South Wales,2126,8.2603,99.6797
636,129,Mitchell,New South Wales,2145,27.5671,99.6797
637,129,Mitchell,New South Wales,2146,6.0077,99.6797
638,129,Mitchell,New South Wales,2147,15.9973,99.6797
639,129,Mitchell,New South Wales,2151,10.7334,99.6797
640,129,Mitchell,New South Wales,2152,4.2857,99.6797
641,129,Mitchell,New South Wales,2153,25.5852,99.6797
642,129,Mitchell,New South Wales,2154,18.8102,99.6797
643,129,Mitchell,New South Wales,2155,36.388,99.6797
644,129,Mitchell,New South Wales,2156,62.9548,99.6797
645,129,Mitchell,New South Wales,2765,127.5271,99.6797
646,129,Mitchell,New South Wales,2768,9.0194,99.6797
647,130,New England,New South Wales,2311,783.5898,66293.6981
648,130,New England,New South Wales,2328,1634.8508,66293.6981
649,130,New England,New South Wales,2329,3056.2045,66293.6981
650,130,New England,New South Wales,2330,4730.8949,66293.6981
651,130,New England,New South Wales,2333,1691.3907,66293.6981
652,130,New England,New South Wales,2336,888.9717,66293.6981
653,130,New England,New South Wales,2337,3331.7268,66293.6981
654,130,New England,New South Wales,2338,989.4776,66293.6981
655,130,New England,New South Wales,2339,1120.8458,66293.6981
656,130,New England,New South Wales,2340,3352.9983,66293.6981
657,130,New England,New South Wales,2341,227.9108,66293.6981
658,130,New England,New South Wales,2342,561.0816,66293.6981
659,130,New England,New South Wales,2343,3352.8926,66293.6981
660,130,New England,New South Wales,2344,339.1674,66293.6981
661,130,New England,New South Wales,2345,291.7831,66293.6981
662,130,New England,New South Wales,2346,1967.8028,66293.6981
663,130,New England,New South Wales,2347,3035.4851,66293.6981
664,130,New England,New South Wales,2350,4543.2274,66293.6981
665,130,New England,New South Wales,2352,434.2708,66293.6981
666,130,New England,New South Wales,2353,198.8995,66293.6981
667,130,New England,New South Wales,2354,7142.1491,66293.6981
668,130,New England,New South Wales,2355,918.5516,66293.6981
669,130,New England,New South Wales,2358,1905.5433,66293.6981
670,130,New England,New South Wales,2359,1294.1139,66293.6981
671,130,New England,New South Wales,2360,3385.2978,66293.6981
672,130,New England,New South Wales,2361,1963.1502,66293.6981
673,130,New England,New South Wales,2365,3804.6687,66293.6981
674,130,New England,New South Wales,2369,347.5058,66293.6981
675,130,New England,New South Wales,2370,4769.4223,66293.6981
676,130,New England,New South Wales,2371,1900.6028,66293.6981
677,130,New England,New South Wales,2372,4894.7861,66293.6981
678,130,New England,New South Wales,2380,2089.1897,66293.6981
679,130,New England,New South Wales,2381,2052.3174,66293.6981
680,130,New England,New South Wales,2382,1826.3389,66293.6981
681,130,New England,New South Wales,2390,4217.1072,66293.6981
682,130,New England,New South Wales,2400,7569.0088,66293.6981
683,130,New England,New South Wales,2401,652.7933,66293.6981
684,130,New England,New South Wales,2402,1631.0064,66293.6981
685,130,New England,New South Wales,2403,1006.9407,66293.6981
686,130,New England,New South Wales,2404,1992.4546,66293.6981
687,130,New England,New South Wales,2408,1561.154,66293.6981
688,130,New England,New South Wales,2409,1607.1651,66293.6981
689,130,New England,New South Wales,2410,1530.5927,66293.6981
690,130,New England,New South Wales,2422,3212.5916,66293.6981
691,130,New England,New South Wales,2424,881.6889,66293.6981
692,130,New England,New South Wales,2440,3604.2396,66293.6981
693,130,New England,New South Wales,2446,2233.1607,66293.6981
694,130,New England,New South Wales,2453,2157.9951,66293.6981
695,130,New England,New South Wales,2454,975.6046,66293.6981
696,130,New England,New South Wales,2460,6630.3495,66293.6981
697,130,New England,New South Wales,2469,3813.3747,66293.6981
698,130,New England,New South Wales,2475,494.7232,66293.6981
699,130,New England,New South Wales,2476,805.3354,66293.6981
700,130,New England,New South Wales,2843,1590.9154,66293.6981
701,130,New England,New South Wales,2849,2801.0405,66293.6981
702,130,New England,New South Wales,2850,6005.3758,66293.6981
703,131,Newcastle,New South Wales,2285,32.3918,156.3537
704,131,Newcastle,New South Wales,2287,38.0741,156.3537
705,131,Newcastle,New South Wales,2289,11.413,156.3537
706,131,Newcastle,New South Wales,2290,35.6998,156.3537
707,131,Newcastle,New South Wales,2291,7.1942,156.3537
708,131,Newcastle,New South Wales,2292,2.873,156.3537
709,131,Newcastle,New South Wales,2293,1.326,156.3537
710,131,Newcastle,New South Wales,2294,2.0392,156.3537
711,131,Newcastle,New South Wales,2295,11.9768,156.3537
712,131,Newcastle,New South Wales,2296,0.7062,156.3537
713,131,Newcastle,New South Wales,2297,0.801,156.3537
714,131,Newcastle,New South Wales,2298,4.0311,156.3537
715,131,Newcastle,New South Wales,2299,5.2319,156.3537
716,131,Newcastle,New South Wales,2300,3.4557,156.3537
717,131,Newcastle,New South Wales,2302,0.8095,156.3537
718,131,Newcastle,New South Wales,2303,3.0401,156.3537
719,131,Newcastle,New South Wales,2304,39.3891,156.3537
720,131,Newcastle,New South Wales,2305,8.894,156.3537
721,131,Newcastle,New South Wales,2307,6.5582,156.3537
722,131,Newcastle,New South Wales,2308,1.7907,156.3537
723,131,Newcastle,New South Wales,2322,168.2091,156.3537
724,132,North Sydney,New South Wales,2060,2.6912,41.5633
725,132,North Sydney,New South Wales,2061,0.6316,41.5633
726,132,North Sydney,New South Wales,2062,1.5527,41.5633
727,132,North Sydney,New South Wales,2063,2.7281,41.5633
728,132,North Sydney,New South Wales,2064,2.5348,41.5633
729,132,North Sydney,New South Wales,2065,5.6781,41.5633
730,132,North Sydney,New South Wales,2066,9.5786,41.5633
731,132,North Sydney,New South Wales,2067,5.8196,41.5633
732,132,North Sydney,New South Wales,2068,5.6655,41.5633
733,132,North Sydney,New South Wales,2069,7.5302,41.5633
734,132,North Sydney,New South Wales,2088,8.6503,41.5633
735,132,North Sydney,New South Wales,2089,1.5036,41.5633
736,132,North Sydney,New South Wales,2090,2.0654,41.5633
737,132,North Sydney,New South Wales,2110,4.3304,41.5633
738,132,North Sydney,New South Wales,2111,4.7162,41.5633
739,132,North Sydney,New South Wales,2113,13.2159,41.5633
740,133,Page,New South Wales,2365,3804.6687,19319.892
741,133,Page,New South Wales,2370,4769.4223,19319.892
742,133,Page,New South Wales,2372,4894.7861,19319.892
743,133,Page,New South Wales,2450,1019.718,19319.892
744,133,Page,New South Wales,2453,2157.9951,19319.892
745,133,Page,New South Wales,2454,975.6046,19319.892
746,133,Page,New South Wales,2456,205.4443,19319.892
747,133,Page,New South Wales,2460,6630.3495,19319.892
748,133,Page,New South Wales,2462,470.532,19319.892
749,133,Page,New South Wales,2463,549.2925,19319.892
750,133,Page,New South Wales,2464,102.8533,19319.892
751,133,Page,New South Wales,2465,23.5903,19319.892
752,133,Page,New South Wales,2466,14.3561,19319.892
753,133,Page,New South Wales,2469,3813.3747,19319.892
754,133,Page,New South Wales,2470,1256.5159,19319.892
755,133,Page,New South Wales,2471,442.1506,19319.892
756,133,Page,New South Wales,2472,466.4076,19319.892
757,133,Page,New South Wales,2473,31.366,19319.892
758,133,Page,New South Wales,2474,1537.5939,19319.892
759,133,Page,New South Wales,2475,494.7232,19319.892
760,133,Page,New South Wales,2476,805.3354,19319.892
761,133,Page,New South Wales,2477,227.642,19319.892
762,133,Page,New South Wales,2478,185.6804,19319.892
763,133,Page,New South Wales,2480,1369.4565,19319.892
764,133,Page,New South Wales,2482,180.2681,19319.892
765,133,Page,New South Wales,2484,972.2983,19319.892
766,134,Parkes,New South Wales,2329,3056.2045,393066.4821
767,134,Parkes,New South Wales,2340,3352.9983,393066.4821
768,134,Parkes,New South Wales,2341,227.9108,393066.4821
769,134,Parkes,New South Wales,2342,561.0816,393066.4821
770,134,Parkes,New South Wales,2343,3352.8926,393066.4821
771,134,Parkes,New South Wales,2344,339.1674,393066.4821
772,134,Parkes,New South Wales,2346,1967.8028,393066.4821
773,134,Parkes,New South Wales,2347,3035.4851,393066.4821
774,134,Parkes,New South Wales,2356,542.7306,393066.4821
775,134,Parkes,New South Wales,2357,3305.5418,393066.4821
776,134,Parkes,New South Wales,2360,3385.2978,393066.4821
777,134,Parkes,New South Wales,2379,1114.41,393066.4821
778,134,Parkes,New South Wales,2380,2089.1897,393066.4821
779,134,Parkes,New South Wales,2381,2052.3174,393066.4821
780,134,Parkes,New South Wales,2382,1826.3389,393066.4821
781,134,Parkes,New South Wales,2386,1979.4029,393066.4821
782,134,Parkes,New South Wales,2387,1388.5196,393066.4821
783,134,Parkes,New South Wales,2388,6699.0871,393066.4821
784,134,Parkes,New South Wales,2390,4217.1072,393066.4821
785,134,Parkes,New South Wales,2395,1113.5695,393066.4821
786,134,Parkes,New South Wales,2396,1826.7503,393066.4821
787,134,Parkes,New South Wales,2397,1694.9079,393066.4821
788,134,Parkes,New South Wales,2398,953.5519,393066.4821
789,134,Parkes,New South Wales,2399,806.3754,393066.4821
790,134,Parkes,New South Wales,2400,7569.0088,393066.4821
791,134,Parkes,New South Wales,2401,652.7933,393066.4821
792,134,Parkes,New South Wales,2402,1631.0064,393066.4821
793,134,Parkes,New South Wales,2403,1006.9407,393066.4821
794,134,Parkes,New South Wales,2404,1992.4546,393066.4821
795,134,Parkes,New South Wales,2405,3418.239,393066.4821
796,134,Parkes,New South Wales,2406,3283.9561,393066.4821
797,134,Parkes,New South Wales,2408,1561.154,393066.4821
798,134,Parkes,New South Wales,2409,1607.1651,393066.4821
799,134,Parkes,New South Wales,2410,1530.5927,393066.4821
800,134,Parkes,New South Wales,2411,396.9284,393066.4821
801,134,Parkes,New South Wales,2648,23909.7281,393066.4821
802,134,Parkes,New South Wales,2669,6295.346,393066.4821
803,134,Parkes,New South Wales,2671,3297.7351,393066.4821
804,134,Parkes,New South Wales,2672,1794.2389,393066.4821
805,134,Parkes,New South Wales,2675,8518.5583,393066.4821
806,134,Parkes,New South Wales,2715,13749.9032,393066.4821
807,134,Parkes,New South Wales,2817,961.4848,393066.4821
808,134,Parkes,New South Wales,2818,471.7655,393066.4821
809,134,Parkes,New South Wales,2820,2438.751,393066.4821
810,134,Parkes,New South Wales,2821,2339.8603,393066.4821
811,134,Parkes,New South Wales,2822,501.7243,393066.4821
812,134,Parkes,New South Wales,2823,2782.3577,393066.4821
813,134,Parkes,New South Wales,2824,4843.6,393066.4821
814,134,Parkes,New South Wales,2825,7188.4073,393066.4821
815,134,Parkes,New South Wales,2826,1153.7892,393066.4821
816,134,Parkes,New South Wales,2827,2964.6885,393066.4821
817,134,Parkes,New South Wales,2828,2375.64,393066.4821
818,134,Parkes,New South Wales,2829,6318.8294,393066.4821
819,134,Parkes,New South Wales,2830,3017.4938,393066.4821
820,134,Parkes,New South Wales,2831,22389.3649,393066.4821
821,134,Parkes,New South Wales,2832,9695.0643,393066.4821
822,134,Parkes,New South Wales,2833,5044.6803,393066.4821
823,134,Parkes,New South Wales,2834,2828.007,393066.4821
824,134,Parkes,New South Wales,2835,29975.1826,393066.4821
825,134,Parkes,New South Wales,2836,31517.8004,393066.4821
826,134,Parkes,New South Wales,2838,3487.8165,393066.4821
827,134,Parkes,New South Wales,2839,12282.839,393066.4821
828,134,Parkes,New South Wales,2840,62474.6022,393066.4821
829,134,Parkes,New South Wales,2842,1317.6706,393066.4821
830,134,Parkes,New South Wales,2843,1590.9154,393066.4821
831,134,Parkes,New South Wales,2844,1821.5658,393066.4821
832,134,Parkes,New South Wales,2850,6005.3758,393066.4821
833,134,Parkes,New South Wales,2852,1240.991,393066.4821
834,134,Parkes,New South Wales,2868,777.9814,393066.4821
835,134,Parkes,New South Wales,2869,2103.7978,393066.4821
836,134,Parkes,New South Wales,2871,3837.8532,393066.4821
837,134,Parkes,New South Wales,2873,3202.9936,393066.4821
838,134,Parkes,New South Wales,2874,1358.1326,393066.4821
839,134,Parkes,New South Wales,2875,2311.0022,393066.4821
840,134,Parkes,New South Wales,2877,15332.1603,393066.4821
841,134,Parkes,New South Wales,2878,18261.1234,393066.4821
842,134,Parkes,New South Wales,2879,13320.0094,393066.4821
843,134,Parkes,New South Wales,2880,66191.4077,393066.4821
844,135,Parramatta,New South Wales,2115,3.9347,56.7463
845,135,Parramatta,New South Wales,2116,3.7975,56.7463
846,135,Parramatta,New South Wales,2117,7.1268,56.7463
847,135,Parramatta,New South Wales,2118,8.5068,56.7463
848,135,Parramatta,New South Wales,2119,6.7407,56.7463
849,135,Parramatta,New South Wales,2122,9.0576,56.7463
850,135,Parramatta,New South Wales,2128,2.7,56.7463
851,135,Parramatta,New South Wales,2142,10.9833,56.7463
852,135,Parramatta,New South Wales,2144,8.5637,56.7463
853,135,Parramatta,New South Wales,2145,27.5671,56.7463
854,135,Parramatta,New South Wales,2146,6.0077,56.7463
855,135,Parramatta,New South Wales,2147,15.9973,56.7463
856,135,Parramatta,New South Wales,2150,5.8687,56.7463
857,135,Parramatta,New South Wales,2151,10.7334,56.7463
858,135,Parramatta,New South Wales,2152,4.2857,56.7463
859,135,Parramatta,New South Wales,2153,25.5852,56.7463
860,135,Parramatta,New South Wales,2160,8.4346,56.7463
861,135,Parramatta,New South Wales,2161,11.2122,56.7463
862,136,Paterson,New South Wales,2285,32.3918,1052.7896
863,136,Paterson,New South Wales,2286,25.2353,1052.7896
864,136,Paterson,New South Wales,2287,38.0741,1052.7896
865,136,Paterson,New South Wales,2295,11.9768,1052.7896
866,136,Paterson,New South Wales,2315,32.3446,1052.7896
867,136,Paterson,New South Wales,2316,73.9271,1052.7896
868,136,Paterson,New South Wales,2317,9.734,1052.7896
869,136,Paterson,New South Wales,2318,259.5244,1052.7896
870,136,Paterson,New South Wales,2319,29.6406,1052.7896
871,136,Paterson,New South Wales,2320,403.8742,1052.7896
872,136,Paterson,New South Wales,2321,361.6288,1052.7896
873,136,Paterson,New South Wales,2322,168.2091,1052.7896
874,136,Paterson,New South Wales,2323,207.9467,1052.7896
875,136,Paterson,New South Wales,2324,627.1611,1052.7896
876,136,Paterson,New South Wales,2325,1605.0648,1052.7896
877,136,Paterson,New South Wales,2326,80.9068,1052.7896
878,136,Paterson,New South Wales,2327,15.0694,1052.7896
879,136,Paterson,New South Wales,2334,20.7073,1052.7896
880,136,Paterson,New South Wales,2335,268.4372,1052.7896
881,137,Reid,New South Wales,2045,2.3828,49.2349
882,137,Reid,New South Wales,2046,6.0148,49.2349
883,137,Reid,New South Wales,2047,2.3101,49.2349
884,137,Reid,New South Wales,2115,3.9347,49.2349
885,137,Reid,New South Wales,2116,3.7975,49.2349
886,137,Reid,New South Wales,2127,8.1408,49.2349
887,137,Reid,New South Wales,2128,2.7,49.2349
888,137,Reid,New South Wales,2131,3.4144,49.2349
889,137,Reid,New South Wales,2132,2.4354,49.2349
890,137,Reid,New South Wales,2134,2.4456,49.2349
891,137,Reid,New South Wales,2135,6.5375,49.2349
892,137,Reid,New South Wales,2136,3.4638,49.2349
893,137,Reid,New South Wales,2137,7.3557,49.2349
894,137,Reid,New South Wales,2138,3.7811,49.2349
895,137,Reid,New South Wales,2140,3.7487,49.2349
896,137,Reid,New South Wales,2141,11.9359,49.2349
897,137,Reid,New South Wales,2142,10.9833,49.2349
898,137,Reid,New South Wales,2144,8.5637,49.2349
899,137,Reid,New South Wales,2190,9.7772,49.2349
900,138,Richmond,New South Wales,2474,1537.5939,2131.1404
901,138,Richmond,New South Wales,2477,227.642,2131.1404
902,138,Richmond,New South Wales,2478,185.6804,2131.1404
903,138,Richmond,New South Wales,2479,164.5709,2131.1404
904,138,Richmond,New South Wales,2480,1369.4565,2131.1404
905,138,Richmond,New South Wales,2481,131.029,2131.1404
906,138,Richmond,New South Wales,2482,180.2681,2131.1404
907,138,Richmond,New South Wales,2483,182.7314,2131.1404
908,138,Richmond,New South Wales,2484,972.2983,2131.1404
909,138,Richmond,New South Wales,2485,13.73,2131.1404
910,138,Richmond,New South Wales,2486,100.3781,2131.1404
911,138,Richmond,New South Wales,2487,66.6066,2131.1404
912,138,Richmond,New South Wales,2488,13.626,2131.1404
913,138,Richmond,New South Wales,2489,14.5419,2131.1404
914,138,Richmond,New South Wales,2490,22.4375,2131.1404
915,139,Riverina,New South Wales,2582,3130.1184,48976.2538
916,139,Riverina,New South Wales,2583,3382.6891,48976.2538
917,139,Riverina,New South Wales,2584,281.3129,48976.2538
918,139,Riverina,New South Wales,2585,260.132,48976.2538
919,139,Riverina,New South Wales,2586,2323.2503,48976.2538
920,139,Riverina,New South Wales,2587,921.8587,48976.2538
921,139,Riverina,New South Wales,2588,218.0548,48976.2538
922,139,Riverina,New South Wales,2590,1320.4637,48976.2538
923,139,Riverina,New South Wales,2594,2418.7155,48976.2538
924,139,Riverina,New South Wales,2642,4076.8,48976.2538
925,139,Riverina,New South Wales,2644,2157.7365,48976.2538
926,139,Riverina,New South Wales,2645,1181.6879,48976.2538
927,139,Riverina,New South Wales,2650,4061.238,48976.2538
928,139,Riverina,New South Wales,2651,34.62,48976.2538
929,139,Riverina,New South Wales,2652,6116.1137,48976.2538
930,139,Riverina,New South Wales,2653,1228.8205,48976.2538
931,139,Riverina,New South Wales,2655,427.2763,48976.2538
932,139,Riverina,New South Wales,2656,1497.1368,48976.2538
933,139,Riverina,New South Wales,2658,748.0545,48976.2538
934,139,Riverina,New South Wales,2659,367.5445,48976.2538
935,139,Riverina,New South Wales,2661,14.7623,48976.2538
936,139,Riverina,New South Wales,2663,492.6429,48976.2538
937,139,Riverina,New South Wales,2665,4109.6274,48976.2538
938,139,Riverina,New South Wales,2666,2462.5855,48976.2538
939,139,Riverina,New South Wales,2668,708.1132,48976.2538
940,139,Riverina,New South Wales,2669,6295.346,48976.2538
941,139,Riverina,New South Wales,2671,3297.7351,48976.2538
942,139,Riverina,New South Wales,2672,1794.2389,48976.2538
943,139,Riverina,New South Wales,2675,8518.5583,48976.2538
944,139,Riverina,New South Wales,2678,3.5099,48976.2538
945,139,Riverina,New South Wales,2700,3016.2983,48976.2538
946,139,Riverina,New South Wales,2701,852.1158,48976.2538
947,139,Riverina,New South Wales,2702,439.8686,48976.2538
948,139,Riverina,New South Wales,2720,2485.6548,48976.2538
949,139,Riverina,New South Wales,2721,539.5029,48976.2538
950,139,Riverina,New South Wales,2722,1576.1373,48976.2538
951,139,Riverina,New South Wales,2725,262.3734,48976.2538
952,139,Riverina,New South Wales,2726,160.6689,48976.2538
953,139,Riverina,New South Wales,2727,772.9227,48976.2538
954,139,Riverina,New South Wales,2729,933.1202,48976.2538
955,139,Riverina,New South Wales,2730,420.4856,48976.2538
956,139,Riverina,New South Wales,2792,369.6931,48976.2538
957,139,Riverina,New South Wales,2793,648.0055,48976.2538
958,139,Riverina,New South Wales,2794,1408.2658,48976.2538
959,139,Riverina,New South Wales,2795,5307.5248,48976.2538
960,139,Riverina,New South Wales,2797,147.8245,48976.2538
961,139,Riverina,New South Wales,2799,630.7998,48976.2538
962,139,Riverina,New South Wales,2800,1993.9511,48976.2538
963,139,Riverina,New South Wales,2803,342.0982,48976.2538
964,139,Riverina,New South Wales,2804,878.0498,48976.2538
965,139,Riverina,New South Wales,2805,289.854,48976.2538
966,139,Riverina,New South Wales,2806,519.6961,48976.2538
967,139,Riverina,New South Wales,2807,299.7008,48976.2538
968,139,Riverina,New South Wales,2808,242.5414,48976.2538
969,139,Riverina,New South Wales,2809,163.0067,48976.2538
970,139,Riverina,New South Wales,2810,2658.971,48976.2538
971,139,Riverina,New South Wales,2821,2339.8603,48976.2538
972,139,Riverina,New South Wales,2823,2782.3577,48976.2538
973,139,Riverina,New South Wales,2865,620.1745,48976.2538
974,139,Riverina,New South Wales,2867,1042.378,48976.2538
975,139,Riverina,New South Wales,2868,777.9814,48976.2538
976,139,Riverina,New South Wales,2869,2103.7978,48976.2538
977,139,Riverina,New South Wales,2870,2453.9995,48976.2538
978,139,Riverina,New South Wales,2871,3837.8532,48976.2538
979,139,Riverina,New South Wales,2873,3202.9936,48976.2538
980,139,Riverina,New South Wales,2874,1358.1326,48976.2538
981,139,Riverina,New South Wales,2875,2311.0022,48976.2538
982,139,Riverina,New South Wales,2876,935.4993,48976.2538
983,139,Riverina,New South Wales,2877,15332.1603,48976.2538
984,140,Robertson,New South Wales,2083,45.774,893.9798
985,140,Robertson,New South Wales,2250,691.6342,893.9798
986,140,Robertson,New South Wales,2251,43.5444,893.9798
987,140,Robertson,New South Wales,2256,72.7648,893.9798
988,140,Robertson,New South Wales,2257,29.3795,893.9798
989,140,Robertson,New South Wales,2258,121.2568,893.9798
990,140,Robertson,New South Wales,2260,23.6207,893.9798
991,140,Robertson,New South Wales,2775,833.1402,893.9798
992,141,Shortland,New South Wales,2259,524.7348,203.5551
993,141,Shortland,New South Wales,2262,33.7717,203.5551
994,141,Shortland,New South Wales,2263,22.3942,203.5551
995,141,Shortland,New South Wales,2280,27.927,203.5551
996,141,Shortland,New South Wales,2281,30.9078,203.5551
997,141,Shortland,New South Wales,2282,11.2261,203.5551
998,141,Shortland,New South Wales,2284,24.2726,203.5551
999,141,Shortland,New South Wales,2285,32.3918,203.5551
"1,000",141,Shortland,New South Wales,2289,11.413,203.5551
"1,001",141,Shortland,New South Wales,2290,35.6998,203.5551
"1,002",141,Shortland,New South Wales,2291,7.1942,203.5551
"1,003",141,Shortland,New South Wales,2305,8.894,203.5551
"1,004",141,Shortland,New South Wales,2306,1.777,203.5551
"1,005",142,Sydney,New South Wales,2000,4.2871,40.6793
"1,006",142,Sydney,New South Wales,2007,0.5588,40.6793
"1,007",142,Sydney,New South Wales,2008,0.845,40.6793
"1,008",142,Sydney,New South Wales,2009,0.9299,40.6793
"1,009",142,Sydney,New South Wales,2010,2.1733,40.6793
"1,010",142,Sydney,New South Wales,2011,1.4054,40.6793
"1,011",142,Sydney,New South Wales,2015,4.2157,40.6793
"1,012",142,Sydney,New South Wales,2016,1.1717,40.6793
"1,013",142,Sydney,New South Wales,2017,1.9386,40.6793
"1,014",142,Sydney,New South Wales,2018,3.9305,40.6793
"1,015",142,Sydney,New South Wales,2020,11.9607,40.6793
"1,016",142,Sydney,New South Wales,2021,5.7186,40.6793
"1,017",142,Sydney,New South Wales,2033,2.6691,40.6793
"1,018",142,Sydney,New South Wales,2037,2.1374,40.6793
"1,019",142,Sydney,New South Wales,2038,1.4931,40.6793
"1,020",142,Sydney,New South Wales,2041,2.4666,40.6793
"1,021",142,Sydney,New South Wales,2042,2.0446,40.6793
"1,022",142,Sydney,New South Wales,2043,0.8075,40.6793
"1,023",142,Sydney,New South Wales,2044,3.8539,40.6793
"1,024",142,Sydney,New South Wales,2048,1.218,40.6793
"1,025",142,Sydney,New South Wales,2050,1.5031,40.6793
"1,026",142,Sydney,New South Wales,2898,16.2918,40.6793
"1,027",143,Warringah,New South Wales,2060,2.6912,52.2575
"1,028",143,Warringah,New South Wales,2086,8.0742,52.2575
"1,029",143,Warringah,New South Wales,2087,8.9311,52.2575
"1,030",143,Warringah,New South Wales,2088,8.6503,52.2575
"1,031",143,Warringah,New South Wales,2089,1.5036,52.2575
"1,032",143,Warringah,New South Wales,2090,2.0654,52.2575
"1,033",143,Warringah,New South Wales,2092,3.1079,52.2575
"1,034",143,Warringah,New South Wales,2093,7.529,52.2575
"1,035",143,Warringah,New South Wales,2094,1.1683,52.2575
"1,036",143,Warringah,New South Wales,2095,5.5668,52.2575
"1,037",143,Warringah,New South Wales,2096,3.4532,52.2575
"1,038",143,Warringah,New South Wales,2099,18.7149,52.2575
"1,039",143,Warringah,New South Wales,2100,13.4698,52.2575
"1,040",144,Watson,New South Wales,2130,1.2031,47.6314
"1,041",144,Watson,New South Wales,2131,3.4144,47.6314
"1,042",144,Watson,New South Wales,2132,2.4354,47.6314
"1,043",144,Watson,New South Wales,2133,2.5503,47.6314
"1,044",144,Watson,New South Wales,2134,2.4456,47.6314
"1,045",144,Watson,New South Wales,2135,6.5375,47.6314
"1,046",144,Watson,New South Wales,2136,3.4638,47.6314
"1,047",144,Watson,New South Wales,2140,3.7487,47.6314
"1,048",144,Watson,New South Wales,2141,11.9359,47.6314
"1,049",144,Watson,New South Wales,2143,4.3104,47.6314
"1,050",144,Watson,New South Wales,2190,9.7772,47.6314
"1,051",144,Watson,New South Wales,2191,1.7826,47.6314
"1,052",144,Watson,New South Wales,2192,2.731,47.6314
"1,053",144,Watson,New South Wales,2193,4.1963,47.6314
"1,054",144,Watson,New South Wales,2194,3.3734,47.6314
"1,055",144,Watson,New South Wales,2195,3.5488,47.6314
"1,056",144,Watson,New South Wales,2196,7.0679,47.6314
"1,057",144,Watson,New South Wales,2199,4.6181,47.6314
"1,058",144,Watson,New South Wales,2200,13.9792,47.6314
"1,059",144,Watson,New South Wales,2203,2.0929,47.6314
"1,060",144,Watson,New South Wales,2206,5.9786,47.6314
"1,061",144,Watson,New South Wales,2208,4.459,47.6314
"1,062",144,Watson,New South Wales,2209,4.2502,47.6314
"1,063",144,Watson,New South Wales,2210,11.0963,47.6314
"1,064",144,Watson,New South Wales,2211,7.3323,47.6314
"1,065",145,Wentworth,New South Wales,2010,2.1733,28.0548
"1,066",145,Wentworth,New South Wales,2011,1.4054,28.0548
"1,067",145,Wentworth,New South Wales,2016,1.1717,28.0548
"1,068",145,Wentworth,New South Wales,2017,1.9386,28.0548
"1,069",145,Wentworth,New South Wales,2021,5.7186,28.0548
"1,070",145,Wentworth,New South Wales,2022,1.9228,28.0548
"1,071",145,Wentworth,New South Wales,2023,2.3731,28.0548
"1,072",145,Wentworth,New South Wales,2024,1.9321,28.0548
"1,073",145,Wentworth,New South Wales,2025,1.2307,28.0548
"1,074",145,Wentworth,New South Wales,2026,3.6477,28.0548
"1,075",145,Wentworth,New South Wales,2027,1.3761,28.0548
"1,076",145,Wentworth,New South Wales,2028,0.7929,28.0548
"1,077",145,Wentworth,New South Wales,2029,2.5286,28.0548
"1,078",145,Wentworth,New South Wales,2030,4.6636,28.0548
"1,079",145,Wentworth,New South Wales,2031,6.094,28.0548
"1,080",145,Wentworth,New South Wales,2033,2.6691,28.0548
"1,081",145,Wentworth,New South Wales,2034,3.0497,28.0548
"1,082",146,Werriwa,New South Wales,2167,6.9946,170.9302
"1,083",146,Werriwa,New South Wales,2168,12.8684,170.9302
"1,084",146,Werriwa,New South Wales,2170,54.319,170.9302
"1,085",146,Werriwa,New South Wales,2171,21.5331,170.9302
"1,086",146,Werriwa,New South Wales,2173,192.8683,170.9302
"1,087",146,Werriwa,New South Wales,2174,6.0563,170.9302
"1,088",146,Werriwa,New South Wales,2176,19.8468,170.9302
"1,089",146,Werriwa,New South Wales,2177,5.1959,170.9302
"1,090",146,Werriwa,New South Wales,2178,54.3241,170.9302
"1,091",146,Werriwa,New South Wales,2179,36.53,170.9302
"1,092",146,Werriwa,New South Wales,2555,26.981,170.9302
"1,093",146,Werriwa,New South Wales,2556,40.2134,170.9302
"1,094",146,Werriwa,New South Wales,2557,37.1205,170.9302
"1,095",146,Werriwa,New South Wales,2564,9.0236,170.9302
"1,096",146,Werriwa,New South Wales,2565,29.7009,170.9302
"1,097",146,Werriwa,New South Wales,2745,168.7608,170.9302
"1,098",147,Whitlam,New South Wales,2500,27.1582,1314.1749
"1,099",147,Whitlam,New South Wales,2502,9.1601,1314.1749
"1,100",147,Whitlam,New South Wales,2505,13.8266,1314.1749
"1,101",147,Whitlam,New South Wales,2506,7.3207,1314.1749
"1,102",147,Whitlam,New South Wales,2526,132.2947,1314.1749
"1,103",147,Whitlam,New South Wales,2527,96.0646,1314.1749
"1,104",147,Whitlam,New South Wales,2528,11.2805,1314.1749
"1,105",147,Whitlam,New South Wales,2529,40.4513,1314.1749
"1,106",147,Whitlam,New South Wales,2530,88.3672,1314.1749
"1,107",147,Whitlam,New South Wales,2533,106.4039,1314.1749
"1,108",147,Whitlam,New South Wales,2560,411.3136,1314.1749
"1,109",147,Whitlam,New South Wales,2571,250.2842,1314.1749
"1,110",147,Whitlam,New South Wales,2574,350.23,1314.1749
"1,111",147,Whitlam,New South Wales,2575,981.4743,1314.1749
"1,112",147,Whitlam,New South Wales,2576,174.2442,1314.1749
"1,113",147,Whitlam,New South Wales,2577,1312.519,1314.1749
"1,114",147,Whitlam,New South Wales,2579,860.117,1314.1749
"1,115",216,Gippsland,Victoria,2550,3966.6591,33135.976
"1,116",216,Gippsland,Victoria,2551,1397.7681,33135.976
"1,117",216,Gippsland,Victoria,2627,1994.6112,33135.976
"1,118",216,Gippsland,Victoria,2628,2337.0094,33135.976
"1,119",216,Gippsland,Victoria,2632,1824.9879,33135.976
"1,120",216,Gippsland,Victoria,2633,766.4927,33135.976
"1,121",223,Indi,Victoria,2627,1994.6112,29189.3342
"1,122",223,Indi,Victoria,2640,1029.4042,29189.3342
"1,123",223,Indi,Victoria,2642,4076.8,29189.3342
"1,124",223,Indi,Victoria,2643,156.4024,29189.3342
"1,125",223,Indi,Victoria,2644,2157.7365,29189.3342
"1,126",223,Indi,Victoria,2646,2895.4549,29189.3342
"1,127",230,Mallee,Victoria,2648,23909.7281,83412.6591
"1,128",230,Mallee,Victoria,2715,13749.9032,83412.6591
"1,129",230,Mallee,Victoria,2717,120.7928,83412.6591
"1,130",230,Mallee,Victoria,2731,1428.1661,83412.6591
"1,131",230,Mallee,Victoria,2732,1849.8263,83412.6591
"1,132",230,Mallee,Victoria,2734,1755.2448,83412.6591
"1,133",230,Mallee,Victoria,2735,271.5656,83412.6591
"1,134",230,Mallee,Victoria,2736,213.1077,83412.6591
"1,135",230,Mallee,Victoria,2737,3345.8754,83412.6591
"1,136",230,Mallee,Victoria,2738,2066.851,83412.6591
"1,137",230,Mallee,Victoria,2739,50.1706,83412.6591
"1,138",236,Nicholls,Victoria,2646,2895.4549,14773.7825
"1,139",236,Nicholls,Victoria,2647,357.3501,14773.7825
"1,140",236,Nicholls,Victoria,2710,10466.1631,14773.7825
"1,141",236,Nicholls,Victoria,2712,966.5102,14773.7825
"1,142",236,Nicholls,Victoria,2714,708.9706,14773.7825
"1,143",236,Nicholls,Victoria,2731,1428.1661,14773.7825
"1,144",321,Maranoa,Queensland,2361,1963.1502,729961.6808
"1,145",321,Maranoa,Queensland,2372,4894.7861,729961.6808
"1,146",321,Maranoa,Queensland,2405,3418.239,729961.6808
"1,147",321,Maranoa,Queensland,2406,3283.9561,729961.6808
"1,148",321,Maranoa,Queensland,2409,1607.1651,729961.6808
"1,149",321,Maranoa,Queensland,2410,1530.5927,729961.6808
"1,150",321,Maranoa,Queensland,2476,805.3354,729961.6808
"1,151",321,Maranoa,Queensland,2833,5044.6803,729961.6808
"1,152",321,Maranoa,Queensland,2834,2828.007,729961.6808
"1,153",321,Maranoa,Queensland,2838,3487.8165,729961.6808
"1,154",321,Maranoa,Queensland,2839,12282.839,729961.6808
"1,155",321,Maranoa,Queensland,2840,62474.6022,729961.6808
"1,156",321,Maranoa,Queensland,2880,66191.4077,729961.6808
"1,157",322,McPherson,Queensland,2484,972.2983,231.0089
"1,158",322,McPherson,Queensland,2485,13.73,231.0089
"1,159",322,McPherson,Queensland,2486,100.3781,231.0089
"1,160",330,Wright,Queensland,2474,1537.5939,7580.5962
"1,161",330,Wright,Queensland,2476,805.3354,7580.5962
"1,162",330,Wright,Queensland,2484,972.2983,7580.5962
"1,163",402,Barker,South Australia,2648,23909.7281,62242.5938
"1,164",404,Grey,South Australia,2648,23909.7281,911570.4245
"1,165",404,Grey,South Australia,2880,66191.4077,911570.4245
"1,166",801,Bean,Australian Capital Territory,2600,23.345,1914.0064
"1,167",801,Bean,Australian Capital Territory,2601,15.233,1914.0064
"1,168",801,Bean,Australian Capital Territory,2603,9.2066,1914.0064
"1,169",801,Bean,Australian Capital Territory,2604,5.4946,1914.0064
"1,170",801,Bean,Australian Capital Territory,2605,9.2938,1914.0064
"1,171",801,Bean,Australian Capital Territory,2606,9.0325,1914.0064
"1,172",801,Bean,Australian Capital Territory,2607,10.2741,1914.0064
"1,173",801,Bean,Australian Capital Territory,2609,127.7951,1914.0064
"1,174",801,Bean,Australian Capital Territory,2611,1558.6312,1914.0064
"1,175",801,Bean,Australian Capital Territory,2615,36.9984,1914.0064
"1,176",801,Bean,Australian Capital Territory,2618,216.6295,1914.0064
"1,177",801,Bean,Australian Capital Territory,2619,11.3316,1914.0064
"1,178",801,Bean,Australian Capital Territory,2620,2869.8201,1914.0064
"1,179",801,Bean,Australian Capital Territory,2626,383.5704,1914.0064
"1,180",801,Bean,Australian Capital Territory,2629,2054.5144,1914.0064
"1,181",801,Bean,Australian Capital Territory,2630,4206.3548,1914.0064
"1,182",801,Bean,Australian Capital Territory,2899,38.651,1914.0064
"1,183",801,Bean,Australian Capital Territory,2900,101.0226,1914.0064
"1,184",801,Bean,Australian Capital Territory,2902,11.3361,1914.0064
"1,185",801,Bean,Australian Capital Territory,2903,6.484,1914.0064
"1,186",801,Bean,Australian Capital Territory,2904,9.7514,1914.0064
"1,187",801,Bean,Australian Capital Territory,2905,19.8141,1914.0064
"1,188",801,Bean,Australian Capital Territory,2906,11.2186,1914.0064
"1,189",802,Canberra,Australian Capital Territory,2600,23.345,311.9225
"1,190",802,Canberra,Australian Capital Territory,2601,15.233,311.9225
"1,191",802,Canberra,Australian Capital Territory,2602,21.9723,311.9225
"1,192",802,Canberra,Australian Capital Territory,2603,9.2066,311.9225
"1,193",802,Canberra,Australian Capital Territory,2604,5.4946,311.9225
"1,194",802,Canberra,Australian Capital Territory,2605,9.2938,311.9225
"1,195",802,Canberra,Australian Capital Territory,2606,9.0325,311.9225
"1,196",802,Canberra,Australian Capital Territory,2609,127.7951,311.9225
"1,197",802,Canberra,Australian Capital Territory,2611,1558.6312,311.9225
"1,198",802,Canberra,Australian Capital Territory,2612,9.4532,311.9225
"1,199",802,Canberra,Australian Capital Territory,2614,11.1345,311.9225
"1,200",802,Canberra,Australian Capital Territory,2615,36.9984,311.9225
"1,201",802,Canberra,Australian Capital Territory,2617,37.0115,311.9225
"1,202",802,Canberra,Australian Capital Territory,2620,2869.8201,311.9225
"1,203",802,Canberra,Australian Capital Territory,2621,853.2512,311.9225
"1,204",802,Canberra,Australian Capital Territory,2911,5.0536,311.9225
"1,205",802,Canberra,Australian Capital Territory,2912,31.9188,311.9225
"1,206",803,Fenner,Australian Capital Territory,2540,1900.6655,238.0847
"1,207",803,Fenner,Australian Capital Territory,2602,21.9723,238.0847
"1,208",803,Fenner,Australian Capital Territory,2609,127.7951,238.0847
"1,209",803,Fenner,Australian Capital Territory,2611,1558.6312,238.0847
"1,210",803,Fenner,Australian Capital Territory,2614,11.1345,238.0847
"1,211",803,Fenner,Australian Capital Territory,2615,36.9984,238.0847
"1,212",803,Fenner,Australian Capital Territory,2617,37.0115,238.0847
"1,213",803,Fenner,Australian Capital Territory,2618,216.6295,238.0847
"1,214",803,Fenner,Australian Capital Territory,2620,2869.8201,238.0847
"1,215",803,Fenner,Australian Capital Territory,2911,5.0536,238.0847
"1,216",803,Fenner,Australian Capital Territory,2912,31.9188,238.0847
"1,217",803,Fenner,Australian Capital Territory,2913,21.81,238.0847
"1,218",803,Fenner,Australian Capital Territory,2914,16.4832,238.0847
