Row Number,GCCSA Code 2021,GCCSA,State,Postcode,Postcode Area (sq km),GCCSA Area (sq km)
1,1GSYD,Greater Sydney,New South Wales,2000,4.2871,12368.6858
2,1GSYD,Greater Sydney,New South Wales,2007,0.5588,12368.6858
3,1GSYD,Greater Sydney,New South Wales,2008,0.845,12368.6858
4,1GSYD,Greater Sydney,New South Wales,2009,0.9299,12368.6858
5,1GSYD,Greater Sydney,New South Wales,2010,2.1733,12368.6858
6,1GSYD,Greater Sydney,New South Wales,2011,1.4054,12368.6858
7,1GSYD,Greater Sydney,New South Wales,2015,4.2157,12368.6858
8,1GSYD,Greater Sydney,New South Wales,2016,1.1717,12368.6858
9,1GSYD,Greater Sydney,New South Wales,2017,1.9386,12368.6858
10,1GSYD,Greater Sydney,New South Wales,2018,3.9305,12368.6858
11,1GSYD,Greater Sydney,New South Wales,2019,7.3691,12368.6858
12,1GSYD,Greater Sydney,New South Wales,2020,11.9607,12368.6858
13,1GSYD,Greater Sydney,New South Wales,2021,5.7186,12368.6858
14,1GSYD,Greater Sydney,New South Wales,2022,1.9228,12368.6858
15,1GSYD,Greater Sydney,New South Wales,2023,2.3731,12368.6858
16,1GSYD,Greater Sydney,New South Wales,2024,1.9321,12368.6858
17,1GSYD,Greater Sydney,New South Wales,2025,1.2307,12368.6858
18,1GSYD,Greater Sydney,New South Wales,2026,3.6477,12368.6858
19,1GSYD,Greater Sydney,New South Wales,2027,1.3761,12368.6858
20,1GSYD,Greater Sydney,New South Wales,2028,0.7929,12368.6858
21,1GSYD,Greater Sydney,New South Wales,2029,2.5286,12368.6858
22,1GSYD,Greater Sydney,New South Wales,2030,4.6636,12368.6858
23,1GSYD,Greater Sydney,New South Wales,2031,6.094,12368.6858
24,1GSYD,Greater Sydney,New South Wales,2032,2.475,12368.6858
25,1GSYD,Greater Sydney,New South Wales,2033,2.6691,12368.6858
26,1GSYD,Greater Sydney,New South Wales,2034,3.0497,12368.6858
27,1GSYD,Greater Sydney,New South Wales,2035,8.1207,12368.6858
28,1GSYD,Greater Sydney,New South Wales,2036,15.7131,12368.6858
29,1GSYD,Greater Sydney,New South Wales,2037,2.1374,12368.6858
30,1GSYD,Greater Sydney,New South Wales,2038,1.4931,12368.6858
31,1GSYD,Greater Sydney,New South Wales,2039,1.8337,12368.6858
32,1GSYD,Greater Sydney,New South Wales,2040,4.754,12368.6858
33,1GSYD,Greater Sydney,New South Wales,2041,2.4666,12368.6858
34,1GSYD,Greater Sydney,New South Wales,2042,2.0446,12368.6858
35,1GSYD,Greater Sydney,New South Wales,2043,0.8075,12368.6858
36,1GSYD,Greater Sydney,New South Wales,2044,3.8539,12368.6858
37,1GSYD,Greater Sydney,New South Wales,2045,2.3828,12368.6858
38,1GSYD,Greater Sydney,New South Wales,2046,6.0148,12368.6858
39,1GSYD,Greater Sydney,New South Wales,2047,2.3101,12368.6858
40,1GSYD,Greater Sydney,New South Wales,2048,1.218,12368.6858
41,1GSYD,Greater Sydney,New South Wales,2049,1.929,12368.6858
42,1GSYD,Greater Sydney,New South Wales,2050,1.5031,12368.6858
43,1GSYD,Greater Sydney,New South Wales,2060,2.6912,12368.6858
44,1GSYD,Greater Sydney,New South Wales,2061,0.6316,12368.6858
45,1GSYD,Greater Sydney,New South Wales,2062,1.5527,12368.6858
46,1GSYD,Greater Sydney,New South Wales,2063,2.7281,12368.6858
47,1GSYD,Greater Sydney,New South Wales,2064,2.5348,12368.6858
48,1GSYD,Greater Sydney,New South Wales,2065,5.6781,12368.6858
49,1GSYD,Greater Sydney,New South Wales,2066,9.5786,12368.6858
50,1GSYD,Greater Sydney,New South Wales,2067,5.8196,12368.6858
51,1GSYD,Greater Sydney,New South Wales,2068,5.6655,12368.6858
52,1GSYD,Greater Sydney,New South Wales,2069,7.5302,12368.6858
53,1GSYD,Greater Sydney,New South Wales,2070,7.4617,12368.6858
54,1GSYD,Greater Sydney,New South Wales,2071,7.8221,12368.6858
55,1GSYD,Greater Sydney,New South Wales,2072,3.7885,12368.6858
56,1GSYD,Greater Sydney,New South Wales,2073,10.2515,12368.6858
57,1GSYD,Greater Sydney,New South Wales,2074,22.0151,12368.6858
58,1GSYD,Greater Sydney,New South Wales,2075,17.7425,12368.6858
59,1GSYD,Greater Sydney,New South Wales,2076,15.8484,12368.6858
60,1GSYD,Greater Sydney,New South Wales,2077,22.8664,12368.6858
61,1GSYD,Greater Sydney,New South Wales,2079,11.0623,12368.6858
62,1GSYD,Greater Sydney,New South Wales,2080,10.5767,12368.6858
63,1GSYD,Greater Sydney,New South Wales,2081,40.1939,12368.6858
64,1GSYD,Greater Sydney,New South Wales,2082,9.6876,12368.6858
65,1GSYD,Greater Sydney,New South Wales,2083,45.774,12368.6858
66,1GSYD,Greater Sydney,New South Wales,2084,107.3731,12368.6858
67,1GSYD,Greater Sydney,New South Wales,2085,16.0513,12368.6858
68,1GSYD,Greater Sydney,New South Wales,2086,8.0742,12368.6858
69,1GSYD,Greater Sydney,New South Wales,2087,8.9311,12368.6858
70,1GSYD,Greater Sydney,New South Wales,2088,8.6503,12368.6858
71,1GSYD,Greater Sydney,New South Wales,2089,1.5036,12368.6858
72,1GSYD,Greater Sydney,New South Wales,2090,2.0654,12368.6858
73,1GSYD,Greater Sydney,New South Wales,2092,3.1079,12368.6858
74,1GSYD,Greater Sydney,New South Wales,2093,7.529,12368.6858
75,1GSYD,Greater Sydney,New South Wales,2094,1.1683,12368.6858
76,1GSYD,Greater Sydney,New South Wales,2095,5.5668,12368.6858
77,1GSYD,Greater Sydney,New South Wales,2096,3.4532,12368.6858
78,1GSYD,Greater Sydney,New South Wales,2097,4.7508,12368.6858
79,1GSYD,Greater Sydney,New South Wales,2099,18.7149,12368.6858
80,1GSYD,Greater Sydney,New South Wales,2100,13.4698,12368.6858
81,1GSYD,Greater Sydney,New South Wales,2101,26.6694,12368.6858
82,1GSYD,Greater Sydney,New South Wales,2102,4.136,12368.6858
83,1GSYD,Greater Sydney,New South Wales,2103,4.6646,12368.6858
84,1GSYD,Greater Sydney,New South Wales,2104,3.7163,12368.6858
85,1GSYD,Greater Sydney,New South Wales,2105,2.1888,12368.6858
86,1GSYD,Greater Sydney,New South Wales,2106,3.8119,12368.6858
87,1GSYD,Greater Sydney,New South Wales,2107,7.8756,12368.6858
88,1GSYD,Greater Sydney,New South Wales,2108,2.9542,12368.6858
89,1GSYD,Greater Sydney,New South Wales,2110,4.3304,12368.6858
90,1GSYD,Greater Sydney,New South Wales,2111,4.7162,12368.6858
91,1GSYD,Greater Sydney,New South Wales,2112,9.3018,12368.6858
92,1GSYD,Greater Sydney,New South Wales,2113,13.2159,12368.6858
93,1GSYD,Greater Sydney,New South Wales,2114,7.3639,12368.6858
94,1GSYD,Greater Sydney,New South Wales,2115,3.9347,12368.6858
95,1GSYD,Greater Sydney,New South Wales,2116,3.7975,12368.6858
96,1GSYD,Greater Sydney,New South Wales,2117,7.1268,12368.6858
97,1GSYD,Greater Sydney,New South Wales,2118,8.5068,12368.6858
98,1GSYD,Greater Sydney,New South Wales,2119,6.7407,12368.6858
99,1GSYD,Greater Sydney,New South Wales,2120,13.8137,12368.6858
100,1GSYD,Greater Sydney,New South Wales,2121,9.2015,12368.6858
101,1GSYD,Greater Sydney,New South Wales,2122,9.0576,12368.6858
102,1GSYD,Greater Sydney,New South Wales,2125,9.2916,12368.6858
103,1GSYD,Greater Sydney,New South Wales,2126,8.2603,12368.6858
104,1GSYD,Greater Sydney,New South Wales,2127,8.1408,12368.6858
105,1GSYD,Greater Sydney,New South Wales,2128,2.7,12368.6858
106,1GSYD,Greater Sydney,New South Wales,2130,1.2031,12368.6858
107,1GSYD,Greater Sydney,New South Wales,2131,3.4144,12368.6858
108,1GSYD,Greater Sydney,New South Wales,2132,2.4354,12368.6858
109,1GSYD,Greater Sydney,New South Wales,2133,2.5503,12368.6858
110,1GSYD,Greater Sydney,New South Wales,2134,2.4456,12368.6858
111,1GSYD,Greater Sydney,New South Wales,2135,6.5375,12368.6858
112,1GSYD,Greater Sydney,New South Wales,2136,3.4638,12368.6858
113,1GSYD,Greater Sydney,New South Wales,2137,7.3557,12368.6858
114,1GSYD,Greater Sydney,New South Wales,2138,3.7811,12368.6858
115,1GSYD,Greater Sydney,New South Wales,2140,3.7487,12368.6858
116,1GSYD,Greater Sydney,New South Wales,2141,11.9359,12368.6858
117,1GSYD,Greater Sydney,New South Wales,2142,10.9833,12368.6858
118,1GSYD,Greater Sydney,New South Wales,2143,4.3104,12368.6858
119,1GSYD,Greater Sydney,New South Wales,2144,8.5637,12368.6858
120,1GSYD,Greater Sydney,New South Wales,2145,27.5671,12368.6858
121,1GSYD,Greater Sydney,New South Wales,2146,6.0077,12368.6858
122,1GSYD,Greater Sydney,New South Wales,2147,15.9973,12368.6858
123,1GSYD,Greater Sydney,New South Wales,2148,37.6817,12368.6858
124,1GSYD,Greater Sydney,New South Wales,2150,5.8687,12368.6858
125,1GSYD,Greater Sydney,New South Wales,2151,10.7334,12368.6858
126,1GSYD,Greater Sydney,New South Wales,2152,4.2857,12368.6858
127,1GSYD,Greater Sydney,New South Wales,2153,25.5852,12368.6858
128,1GSYD,Greater Sydney,New South Wales,2154,18.8102,12368.6858
129,1GSYD,Greater Sydney,New South Wales,2155,36.388,12368.6858
130,1GSYD,Greater Sydney,New South Wales,2156,62.9548,12368.6858
131,1GSYD,Greater Sydney,New South Wales,2157,148.4858,12368.6858
132,1GSYD,Greater Sydney,New South Wales,2158,41.7948,12368.6858
133,1GSYD,Greater Sydney,New South Wales,2159,127.4464,12368.6858
134,1GSYD,Greater Sydney,New South Wales,2160,8.4346,12368.6858
135,1GSYD,Greater Sydney,New South Wales,2161,11.2122,12368.6858
136,1GSYD,Greater Sydney,New South Wales,2162,5.7908,12368.6858
137,1GSYD,Greater Sydney,New South Wales,2163,6.3533,12368.6858
138,1GSYD,Greater Sydney,New South Wales,2164,20.5159,12368.6858
139,1GSYD,Greater Sydney,New South Wales,2165,11.12,12368.6858
140,1GSYD,Greater Sydney,New South Wales,2166,15.2543,12368.6858
141,1GSYD,Greater Sydney,New South Wales,2167,6.9946,12368.6858
142,1GSYD,Greater Sydney,New South Wales,2168,12.8684,12368.6858
143,1GSYD,Greater Sydney,New South Wales,2170,54.319,12368.6858
144,1GSYD,Greater Sydney,New South Wales,2171,21.5331,12368.6858
145,1GSYD,Greater Sydney,New South Wales,2172,3.6787,12368.6858
146,1GSYD,Greater Sydney,New South Wales,2173,192.8683,12368.6858
147,1GSYD,Greater Sydney,New South Wales,2174,6.0563,12368.6858
148,1GSYD,Greater Sydney,New South Wales,2175,21.9683,12368.6858
149,1GSYD,Greater Sydney,New South Wales,2176,19.8468,12368.6858
150,1GSYD,Greater Sydney,New South Wales,2177,5.1959,12368.6858
151,1GSYD,Greater Sydney,New South Wales,2178,54.3241,12368.6858
152,1GSYD,Greater Sydney,New South Wales,2179,36.53,12368.6858
153,1GSYD,Greater Sydney,New South Wales,2190,9.7772,12368.6858
154,1GSYD,Greater Sydney,New South Wales,2191,1.7826,12368.6858
155,1GSYD,Greater Sydney,New South Wales,2192,2.731,12368.6858
156,1GSYD,Greater Sydney,New South Wales,2193,4.1963,12368.6858
157,1GSYD,Greater Sydney,New South Wales,2194,3.3734,12368.6858
158,1GSYD,Greater Sydney,New South Wales,2195,3.5488,12368.6858
159,1GSYD,Greater Sydney,New South Wales,2196,7.0679,12368.6858
160,1GSYD,Greater Sydney,New South Wales,2197,2.9286,12368.6858
161,1GSYD,Greater Sydney,New South Wales,2198,3.3233,12368.6858
162,1GSYD,Greater Sydney,New South Wales,2199,4.6181,12368.6858
163,1GSYD,Greater Sydney,New South Wales,2200,13.9792,12368.6858
164,1GSYD,Greater Sydney,New South Wales,2203,2.0929,12368.6858
165,1GSYD,Greater Sydney,New South Wales,2204,5.7904,12368.6858
166,1GSYD,Greater Sydney,New South Wales,2205,4.244,12368.6858
167,1GSYD,Greater Sydney,New South Wales,2206,5.9786,12368.6858
168,1GSYD,Greater Sydney,New South Wales,2207,7.1852,12368.6858
169,1GSYD,Greater Sydney,New South Wales,2208,4.459,12368.6858
170,1GSYD,Greater Sydney,New South Wales,2209,4.2502,12368.6858
171,1GSYD,Greater Sydney,New South Wales,2210,11.0963,12368.6858
172,1GSYD,Greater Sydney,New South Wales,2211,7.3323,12368.6858
173,1GSYD,Greater Sydney,New South Wales,2212,6.4088,12368.6858
174,1GSYD,Greater Sydney,New South Wales,2213,10.0369,12368.6858
175,1GSYD,Greater Sydney,New South Wales,2214,5.3711,12368.6858
176,1GSYD,Greater Sydney,New South Wales,2216,5.5962,12368.6858
177,1GSYD,Greater Sydney,New South Wales,2217,6.2487,12368.6858
178,1GSYD,Greater Sydney,New South Wales,2218,2.6615,12368.6858
179,1GSYD,Greater Sydney,New South Wales,2219,3.7807,12368.6858
180,1GSYD,Greater Sydney,New South Wales,2220,5.144,12368.6858
181,1GSYD,Greater Sydney,New South Wales,2221,5.3796,12368.6858
182,1GSYD,Greater Sydney,New South Wales,2222,2.5457,12368.6858
183,1GSYD,Greater Sydney,New South Wales,2223,7.253,12368.6858
184,1GSYD,Greater Sydney,New South Wales,2224,4.6882,12368.6858
185,1GSYD,Greater Sydney,New South Wales,2225,2.1022,12368.6858
186,1GSYD,Greater Sydney,New South Wales,2226,5.2222,12368.6858
187,1GSYD,Greater Sydney,New South Wales,2227,4.5976,12368.6858
188,1GSYD,Greater Sydney,New South Wales,2228,5.9464,12368.6858
189,1GSYD,Greater Sydney,New South Wales,2229,10.7805,12368.6858
190,1GSYD,Greater Sydney,New South Wales,2230,9.0449,12368.6858
191,1GSYD,Greater Sydney,New South Wales,2231,19.3454,12368.6858
192,1GSYD,Greater Sydney,New South Wales,2232,153.5693,12368.6858
193,1GSYD,Greater Sydney,New South Wales,2233,40.831,12368.6858
194,1GSYD,Greater Sydney,New South Wales,2234,39.7248,12368.6858
195,1GSYD,Greater Sydney,New South Wales,2250,691.6342,12368.6858
196,1GSYD,Greater Sydney,New South Wales,2251,43.5444,12368.6858
197,1GSYD,Greater Sydney,New South Wales,2256,72.7648,12368.6858
198,1GSYD,Greater Sydney,New South Wales,2257,29.3795,12368.6858
199,1GSYD,Greater Sydney,New South Wales,2258,121.2568,12368.6858
200,1GSYD,Greater Sydney,New South Wales,2259,524.7348,12368.6858
201,1GSYD,Greater Sydney,New South Wales,2260,23.6207,12368.6858
202,1GSYD,Greater Sydney,New South Wales,2261,51.4591,12368.6858
203,1GSYD,Greater Sydney,New South Wales,2262,33.7717,12368.6858
204,1GSYD,Greater Sydney,New South Wales,2263,22.3942,12368.6858
205,1GSYD,Greater Sydney,New South Wales,2264,115.1942,12368.6858
206,1GSYD,Greater Sydney,New South Wales,2265,136.0018,12368.6858
207,1GSYD,Greater Sydney,New South Wales,2325,1605.0648,12368.6858
208,1GSYD,Greater Sydney,New South Wales,2330,4730.8949,12368.6858
209,1GSYD,Greater Sydney,New South Wales,2508,162.241,12368.6858
210,1GSYD,Greater Sydney,New South Wales,2555,26.981,12368.6858
211,1GSYD,Greater Sydney,New South Wales,2556,40.2134,12368.6858
212,1GSYD,Greater Sydney,New South Wales,2557,37.1205,12368.6858
213,1GSYD,Greater Sydney,New South Wales,2558,7.6039,12368.6858
214,1GSYD,Greater Sydney,New South Wales,2559,4.3495,12368.6858
215,1GSYD,Greater Sydney,New South Wales,2560,411.3136,12368.6858
216,1GSYD,Greater Sydney,New South Wales,2563,11.5603,12368.6858
217,1GSYD,Greater Sydney,New South Wales,2564,9.0236,12368.6858
218,1GSYD,Greater Sydney,New South Wales,2565,29.7009,12368.6858
219,1GSYD,Greater Sydney,New South Wales,2566,28.3019,12368.6858
220,1GSYD,Greater Sydney,New South Wales,2567,31.1557,12368.6858
221,1GSYD,Greater Sydney,New South Wales,2568,34.0936,12368.6858
222,1GSYD,Greater Sydney,New South Wales,2569,26.7707,12368.6858
223,1GSYD,Greater Sydney,New South Wales,2570,469.0775,12368.6858
224,1GSYD,Greater Sydney,New South Wales,2571,250.2842,12368.6858
225,1GSYD,Greater Sydney,New South Wales,2572,106.1734,12368.6858
226,1GSYD,Greater Sydney,New South Wales,2573,16.9784,12368.6858
227,1GSYD,Greater Sydney,New South Wales,2574,350.23,12368.6858
228,1GSYD,Greater Sydney,New South Wales,2575,981.4743,12368.6858
229,1GSYD,Greater Sydney,New South Wales,2580,5512.6655,12368.6858
230,1GSYD,Greater Sydney,New South Wales,2745,168.7608,12368.6858
231,1GSYD,Greater Sydney,New South Wales,2747,55.0667,12368.6858
232,1GSYD,Greater Sydney,New South Wales,2748,43.0734,12368.6858
233,1GSYD,Greater Sydney,New South Wales,2749,47.0936,12368.6858
234,1GSYD,Greater Sydney,New South Wales,2750,35.3705,12368.6858
235,1GSYD,Greater Sydney,New South Wales,2752,53.5688,12368.6858
236,1GSYD,Greater Sydney,New South Wales,2753,169.4419,12368.6858
237,1GSYD,Greater Sydney,New South Wales,2754,34.3251,12368.6858
238,1GSYD,Greater Sydney,New South Wales,2756,1486.8709,12368.6858
239,1GSYD,Greater Sydney,New South Wales,2757,8.3269,12368.6858
240,1GSYD,Greater Sydney,New South Wales,2758,572.1443,12368.6858
241,1GSYD,Greater Sydney,New South Wales,2759,15.5979,12368.6858
242,1GSYD,Greater Sydney,New South Wales,2760,19.9308,12368.6858
243,1GSYD,Greater Sydney,New South Wales,2761,14.7648,12368.6858
244,1GSYD,Greater Sydney,New South Wales,2762,12.5171,12368.6858
245,1GSYD,Greater Sydney,New South Wales,2763,13.0157,12368.6858
246,1GSYD,Greater Sydney,New South Wales,2765,127.5271,12368.6858
247,1GSYD,Greater Sydney,New South Wales,2766,27.2383,12368.6858
248,1GSYD,Greater Sydney,New South Wales,2767,10.1088,12368.6858
249,1GSYD,Greater Sydney,New South Wales,2768,9.0194,12368.6858
250,1GSYD,Greater Sydney,New South Wales,2769,4.6534,12368.6858
251,1GSYD,Greater Sydney,New South Wales,2770,24.7303,12368.6858
252,1GSYD,Greater Sydney,New South Wales,2773,8.3936,12368.6858
253,1GSYD,Greater Sydney,New South Wales,2774,21.2999,12368.6858
254,1GSYD,Greater Sydney,New South Wales,2775,833.1402,12368.6858
255,1GSYD,Greater Sydney,New South Wales,2776,14.932,12368.6858
256,1GSYD,Greater Sydney,New South Wales,2777,54.7327,12368.6858
257,1GSYD,Greater Sydney,New South Wales,2778,20.9602,12368.6858
258,1GSYD,Greater Sydney,New South Wales,2779,12.4995,12368.6858
259,1GSYD,Greater Sydney,New South Wales,2780,38.4603,12368.6858
260,1GSYD,Greater Sydney,New South Wales,2782,21.0358,12368.6858
261,1GSYD,Greater Sydney,New South Wales,2783,7.2887,12368.6858
262,1GSYD,Greater Sydney,New South Wales,2784,6.1389,12368.6858
263,1GSYD,Greater Sydney,New South Wales,2785,128.6447,12368.6858
264,1GSYD,Greater Sydney,New South Wales,2786,84.7603,12368.6858
265,1GSYD,Greater Sydney,New South Wales,2787,4632.7818,12368.6858
266,1GSYD,Greater Sydney,New South Wales,2790,2481.3231,12368.6858
267,1GSYD,Greater Sydney,New South Wales,2849,2801.0405,12368.6858
268,1RNSW,Rest of NSW,New South Wales,2173,192.8683,788428.9733
269,1RNSW,Rest of NSW,New South Wales,2232,153.5693,788428.9733
270,1RNSW,Rest of NSW,New South Wales,2233,40.831,788428.9733
271,1RNSW,Rest of NSW,New South Wales,2250,691.6342,788428.9733
272,1RNSW,Rest of NSW,New South Wales,2259,524.7348,788428.9733
273,1RNSW,Rest of NSW,New South Wales,2262,33.7717,788428.9733
274,1RNSW,Rest of NSW,New South Wales,2264,115.1942,788428.9733
275,1RNSW,Rest of NSW,New South Wales,2265,136.0018,788428.9733
276,1RNSW,Rest of NSW,New South Wales,2267,3.6556,788428.9733
277,1RNSW,Rest of NSW,New South Wales,2278,45.0568,788428.9733
278,1RNSW,Rest of NSW,New South Wales,2280,27.927,788428.9733
279,1RNSW,Rest of NSW,New South Wales,2281,30.9078,788428.9733
280,1RNSW,Rest of NSW,New South Wales,2282,11.2261,788428.9733
281,1RNSW,Rest of NSW,New South Wales,2283,59.2496,788428.9733
282,1RNSW,Rest of NSW,New South Wales,2284,24.2726,788428.9733
283,1RNSW,Rest of NSW,New South Wales,2285,32.3918,788428.9733
284,1RNSW,Rest of NSW,New South Wales,2286,25.2353,788428.9733
285,1RNSW,Rest of NSW,New South Wales,2287,38.0741,788428.9733
286,1RNSW,Rest of NSW,New South Wales,2289,11.413,788428.9733
287,1RNSW,Rest of NSW,New South Wales,2290,35.6998,788428.9733
288,1RNSW,Rest of NSW,New South Wales,2291,7.1942,788428.9733
289,1RNSW,Rest of NSW,New South Wales,2292,2.873,788428.9733
290,1RNSW,Rest of NSW,New South Wales,2293,1.326,788428.9733
291,1RNSW,Rest of NSW,New South Wales,2294,2.0392,788428.9733
292,1RNSW,Rest of NSW,New South Wales,2295,11.9768,788428.9733
293,1RNSW,Rest of NSW,New South Wales,2296,0.7062,788428.9733
294,1RNSW,Rest of NSW,New South Wales,2297,0.801,788428.9733
295,1RNSW,Rest of NSW,New South Wales,2298,4.0311,788428.9733
296,1RNSW,Rest of NSW,New South Wales,2299,5.2319,788428.9733
297,1RNSW,Rest of NSW,New South Wales,2300,3.4557,788428.9733
298,1RNSW,Rest of NSW,New South Wales,2302,0.8095,788428.9733
299,1RNSW,Rest of NSW,New South Wales,2303,3.0401,788428.9733
300,1RNSW,Rest of NSW,New South Wales,2304,39.3891,788428.9733
301,1RNSW,Rest of NSW,New South Wales,2305,8.894,788428.9733
302,1RNSW,Rest of NSW,New South Wales,2306,1.777,788428.9733
303,1RNSW,Rest of NSW,New South Wales,2307,6.5582,788428.9733
304,1RNSW,Rest of NSW,New South Wales,2308,1.7907,788428.9733
305,1RNSW,Rest of NSW,New South Wales,2311,783.5898,788428.9733
306,1RNSW,Rest of NSW,New South Wales,2312,181.2071,788428.9733
307,1RNSW,Rest of NSW,New South Wales,2315,32.3446,788428.9733
308,1RNSW,Rest of NSW,New South Wales,2316,73.9271,788428.9733
309,1RNSW,Rest of NSW,New South Wales,2317,9.734,788428.9733
310,1RNSW,Rest of NSW,New South Wales,2318,259.5244,788428.9733
311,1RNSW,Rest of NSW,New South Wales,2319,29.6406,788428.9733
312,1RNSW,Rest of NSW,New South Wales,2320,403.8742,788428.9733
313,1RNSW,Rest of NSW,New South Wales,2321,361.6288,788428.9733
314,1RNSW,Rest of NSW,New South Wales,2322,168.2091,788428.9733
315,1RNSW,Rest of NSW,New South Wales,2323,207.9467,788428.9733
316,1RNSW,Rest of NSW,New South Wales,2324,627.1611,788428.9733
317,1RNSW,Rest of NSW,New South Wales,2325,1605.0648,788428.9733
318,1RNSW,Rest of NSW,New South Wales,2326,80.9068,788428.9733
319,1RNSW,Rest of NSW,New South Wales,2327,15.0694,788428.9733
320,1RNSW,Rest of NSW,New South Wales,2328,1634.8508,788428.9733
321,1RNSW,Rest of NSW,New South Wales,2329,3056.2045,788428.9733
322,1RNSW,Rest of NSW,New South Wales,2330,4730.8949,788428.9733
323,1RNSW,Rest of NSW,New South Wales,2331,137.2978,788428.9733
324,1RNSW,Rest of NSW,New South Wales,2333,1691.3907,788428.9733
325,1RNSW,Rest of NSW,New South Wales,2334,20.7073,788428.9733
326,1RNSW,Rest of NSW,New South Wales,2335,268.4372,788428.9733
327,1RNSW,Rest of NSW,New South Wales,2336,888.9717,788428.9733
328,1RNSW,Rest of NSW,New South Wales,2337,3331.7268,788428.9733
329,1RNSW,Rest of NSW,New South Wales,2338,989.4776,788428.9733
330,1RNSW,Rest of NSW,New South Wales,2339,1120.8458,788428.9733
331,1RNSW,Rest of NSW,New South Wales,2340,3352.9983,788428.9733
332,1RNSW,Rest of NSW,New South Wales,2341,227.9108,788428.9733
333,1RNSW,Rest of NSW,New South Wales,2342,561.0816,788428.9733
334,1RNSW,Rest of NSW,New South Wales,2343,3352.8926,788428.9733
335,1RNSW,Rest of NSW,New South Wales,2344,339.1674,788428.9733
336,1RNSW,Rest of NSW,New South Wales,2345,291.7831,788428.9733
337,1RNSW,Rest of NSW,New South Wales,2346,1967.8028,788428.9733
338,1RNSW,Rest of NSW,New South Wales,2347,3035.4851,788428.9733
339,1RNSW,Rest of NSW,New South Wales,2350,4543.2274,788428.9733
340,1RNSW,Rest of NSW,New South Wales,2352,434.2708,788428.9733
341,1RNSW,Rest of NSW,New South Wales,2353,198.8995,788428.9733
342,1RNSW,Rest of NSW,New South Wales,2354,7142.1491,788428.9733
343,1RNSW,Rest of NSW,New South Wales,2355,918.5516,788428.9733
344,1RNSW,Rest of NSW,New South Wales,2356,542.7306,788428.9733
345,1RNSW,Rest of NSW,New South Wales,2357,3305.5418,788428.9733
346,1RNSW,Rest of NSW,New South Wales,2358,1905.5433,788428.9733
347,1RNSW,Rest of NSW,New South Wales,2359,1294.1139,788428.9733
348,1RNSW,Rest of NSW,New South Wales,2360,3385.2978,788428.9733
349,1RNSW,Rest of NSW,New South Wales,2361,1963.1502,788428.9733
350,1RNSW,Rest of NSW,New South Wales,2365,3804.6687,788428.9733
351,1RNSW,Rest of NSW,New South Wales,2369,347.5058,788428.9733
352,1RNSW,Rest of NSW,New South Wales,2370,4769.4223,788428.9733
353,1RNSW,Rest of NSW,New South Wales,2371,1900.6028,788428.9733
354,1RNSW,Rest of NSW,New South Wales,2372,4894.7861,788428.9733
355,1RNSW,Rest of NSW,New South Wales,2379,1114.41,788428.9733
356,1RNSW,Rest of NSW,New South Wales,2380,2089.1897,788428.9733
357,1RNSW,Rest of NSW,New South Wales,2381,2052.3174,788428.9733
358,1RNSW,Rest of NSW,New South Wales,2382,1826.3389,788428.9733
359,1RNSW,Rest of NSW,New South Wales,2386,1979.4029,788428.9733
360,1RNSW,Rest of NSW,New South Wales,2387,1388.5196,788428.9733
361,1RNSW,Rest of NSW,New South Wales,2388,6699.0871,788428.9733
362,1RNSW,Rest of NSW,New South Wales,2390,4217.1072,788428.9733
363,1RNSW,Rest of NSW,New South Wales,2395,1113.5695,788428.9733
364,1RNSW,Rest of NSW,New South Wales,2396,1826.7503,788428.9733
365,1RNSW,Rest of NSW,New South Wales,2397,1694.9079,788428.9733
366,1RNSW,Rest of NSW,New South Wales,2398,953.5519,788428.9733
367,1RNSW,Rest of NSW,New South Wales,2399,806.3754,788428.9733
368,1RNSW,Rest of NSW,New South Wales,2400,7569.0088,788428.9733
369,1RNSW,Rest of NSW,New South Wales,2401,652.7933,788428.9733
370,1RNSW,Rest of NSW,New South Wales,2402,1631.0064,788428.9733
371,1RNSW,Rest of NSW,New South Wales,2403,1006.9407,788428.9733
372,1RNSW,Rest of NSW,New South Wales,2404,1992.4546,788428.9733
373,1RNSW,Rest of NSW,New South Wales,2405,3418.239,788428.9733
374,1RNSW,Rest of NSW,New South Wales,2406,3283.9561,788428.9733
375,1RNSW,Rest of NSW,New South Wales,2408,1561.154,788428.9733
376,1RNSW,Rest of NSW,New South Wales,2409,1607.1651,788428.9733
377,1RNSW,Rest of NSW,New South Wales,2410,1530.5927,788428.9733
378,1RNSW,Rest of NSW,New South Wales,2411,396.9284,788428.9733
379,1RNSW,Rest of NSW,New South Wales,2415,451.8325,788428.9733
380,1RNSW,Rest of NSW,New South Wales,2420,1023.5128,788428.9733
381,1RNSW,Rest of NSW,New South Wales,2421,244.7457,788428.9733
382,1RNSW,Rest of NSW,New South Wales,2422,3212.5916,788428.9733
383,1RNSW,Rest of NSW,New South Wales,2423,1346.2284,788428.9733
384,1RNSW,Rest of NSW,New South Wales,2424,881.6889,788428.9733
385,1RNSW,Rest of NSW,New South Wales,2425,518.0099,788428.9733
386,1RNSW,Rest of NSW,New South Wales,2426,71.3349,788428.9733
387,1RNSW,Rest of NSW,New South Wales,2427,39.8682,788428.9733
388,1RNSW,Rest of NSW,New South Wales,2428,320.9401,788428.9733
389,1RNSW,Rest of NSW,New South Wales,2429,1799.9008,788428.9733
390,1RNSW,Rest of NSW,New South Wales,2430,843.4816,788428.9733
391,1RNSW,Rest of NSW,New South Wales,2431,45.9673,788428.9733
392,1RNSW,Rest of NSW,New South Wales,2439,362.4229,788428.9733
393,1RNSW,Rest of NSW,New South Wales,2440,3604.2396,788428.9733
394,1RNSW,Rest of NSW,New South Wales,2441,992.7849,788428.9733
395,1RNSW,Rest of NSW,New South Wales,2443,312.5374,788428.9733
396,1RNSW,Rest of NSW,New South Wales,2444,222.4491,788428.9733
397,1RNSW,Rest of NSW,New South Wales,2445,76.8106,788428.9733
398,1RNSW,Rest of NSW,New South Wales,2446,2233.1607,788428.9733
399,1RNSW,Rest of NSW,New South Wales,2447,566.6442,788428.9733
400,1RNSW,Rest of NSW,New South Wales,2448,115.0676,788428.9733
401,1RNSW,Rest of NSW,New South Wales,2449,570.7344,788428.9733
402,1RNSW,Rest of NSW,New South Wales,2450,1019.718,788428.9733
403,1RNSW,Rest of NSW,New South Wales,2452,12.7764,788428.9733
404,1RNSW,Rest of NSW,New South Wales,2453,2157.9951,788428.9733
405,1RNSW,Rest of NSW,New South Wales,2454,975.6046,788428.9733
406,1RNSW,Rest of NSW,New South Wales,2455,48.0551,788428.9733
407,1RNSW,Rest of NSW,New South Wales,2456,205.4443,788428.9733
408,1RNSW,Rest of NSW,New South Wales,2460,6630.3495,788428.9733
409,1RNSW,Rest of NSW,New South Wales,2462,470.532,788428.9733
410,1RNSW,Rest of NSW,New South Wales,2463,549.2925,788428.9733
411,1RNSW,Rest of NSW,New South Wales,2464,102.8533,788428.9733
412,1RNSW,Rest of NSW,New South Wales,2465,23.5903,788428.9733
413,1RNSW,Rest of NSW,New South Wales,2466,14.3561,788428.9733
414,1RNSW,Rest of NSW,New South Wales,2469,3813.3747,788428.9733
415,1RNSW,Rest of NSW,New South Wales,2470,1256.5159,788428.9733
416,1RNSW,Rest of NSW,New South Wales,2471,442.1506,788428.9733
417,1RNSW,Rest of NSW,New South Wales,2472,466.4076,788428.9733
418,1RNSW,Rest of NSW,New South Wales,2473,31.366,788428.9733
419,1RNSW,Rest of NSW,New South Wales,2474,1537.5939,788428.9733
420,1RNSW,Rest of NSW,New South Wales,2475,494.7232,788428.9733
421,1RNSW,Rest of NSW,New South Wales,2476,805.3354,788428.9733
422,1RNSW,Rest of NSW,New South Wales,2477,227.642,788428.9733
423,1RNSW,Rest of NSW,New South Wales,2478,185.6804,788428.9733
424,1RNSW,Rest of NSW,New South Wales,2479,164.5709,788428.9733
425,1RNSW,Rest of NSW,New South Wales,2480,1369.4565,788428.9733
426,1RNSW,Rest of NSW,New South Wales,2481,131.029,788428.9733
427,1RNSW,Rest of NSW,New South Wales,2482,180.2681,788428.9733
428,1RNSW,Rest of NSW,New South Wales,2483,182.7314,788428.9733
429,1RNSW,Rest of NSW,New South Wales,2484,972.2983,788428.9733
430,1RNSW,Rest of NSW,New South Wales,2485,13.73,788428.9733
431,1RNSW,Rest of NSW,New South Wales,2486,100.3781,788428.9733
432,1RNSW,Rest of NSW,New South Wales,2487,66.6066,788428.9733
433,1RNSW,Rest of NSW,New South Wales,2488,13.626,788428.9733
434,1RNSW,Rest of NSW,New South Wales,2489,14.5419,788428.9733
435,1RNSW,Rest of NSW,New South Wales,2490,22.4375,788428.9733
436,1RNSW,Rest of NSW,New South Wales,2500,27.1582,788428.9733
437,1RNSW,Rest of NSW,New South Wales,2502,9.1601,788428.9733
438,1RNSW,Rest of NSW,New South Wales,2505,13.8266,788428.9733
439,1RNSW,Rest of NSW,New South Wales,2506,7.3207,788428.9733
440,1RNSW,Rest of NSW,New South Wales,2508,162.241,788428.9733
441,1RNSW,Rest of NSW,New South Wales,2515,14.2268,788428.9733
442,1RNSW,Rest of NSW,New South Wales,2516,8.6615,788428.9733
443,1RNSW,Rest of NSW,New South Wales,2517,9.0099,788428.9733
444,1RNSW,Rest of NSW,New South Wales,2518,12.7193,788428.9733
445,1RNSW,Rest of NSW,New South Wales,2519,9.2816,788428.9733
446,1RNSW,Rest of NSW,New South Wales,2525,8.5595,788428.9733
447,1RNSW,Rest of NSW,New South Wales,2526,132.2947,788428.9733
448,1RNSW,Rest of NSW,New South Wales,2527,96.0646,788428.9733
449,1RNSW,Rest of NSW,New South Wales,2528,11.2805,788428.9733
450,1RNSW,Rest of NSW,New South Wales,2529,40.4513,788428.9733
451,1RNSW,Rest of NSW,New South Wales,2530,88.3672,788428.9733
452,1RNSW,Rest of NSW,New South Wales,2533,106.4039,788428.9733
453,1RNSW,Rest of NSW,New South Wales,2534,76.2287,788428.9733
454,1RNSW,Rest of NSW,New South Wales,2535,247.9753,788428.9733
455,1RNSW,Rest of NSW,New South Wales,2536,974.8377,788428.9733
456,1RNSW,Rest of NSW,New South Wales,2537,1167.0234,788428.9733
457,1RNSW,Rest of NSW,New South Wales,2538,390.494,788428.9733
458,1RNSW,Rest of NSW,New South Wales,2539,686.0289,788428.9733
459,1RNSW,Rest of NSW,New South Wales,2540,1900.6655,788428.9733
460,1RNSW,Rest of NSW,New South Wales,2541,45.432,788428.9733
461,1RNSW,Rest of NSW,New South Wales,2545,876.5468,788428.9733
462,1RNSW,Rest of NSW,New South Wales,2546,911.2673,788428.9733
463,1RNSW,Rest of NSW,New South Wales,2548,120.1179,788428.9733
464,1RNSW,Rest of NSW,New South Wales,2549,222.9511,788428.9733
465,1RNSW,Rest of NSW,New South Wales,2550,3966.6591,788428.9733
466,1RNSW,Rest of NSW,New South Wales,2551,1397.7681,788428.9733
467,1RNSW,Rest of NSW,New South Wales,2560,411.3136,788428.9733
468,1RNSW,Rest of NSW,New South Wales,2571,250.2842,788428.9733
469,1RNSW,Rest of NSW,New South Wales,2572,106.1734,788428.9733
470,1RNSW,Rest of NSW,New South Wales,2574,350.23,788428.9733
471,1RNSW,Rest of NSW,New South Wales,2575,981.4743,788428.9733
472,1RNSW,Rest of NSW,New South Wales,2576,174.2442,788428.9733
473,1RNSW,Rest of NSW,New South Wales,2577,1312.519,788428.9733
474,1RNSW,Rest of NSW,New South Wales,2578,47.9223,788428.9733
475,1RNSW,Rest of NSW,New South Wales,2579,860.117,788428.9733
476,1RNSW,Rest of NSW,New South Wales,2580,5512.6655,788428.9733
477,1RNSW,Rest of NSW,New South Wales,2581,2106.6075,788428.9733
478,1RNSW,Rest of NSW,New South Wales,2582,3130.1184,788428.9733
479,1RNSW,Rest of NSW,New South Wales,2583,3382.6891,788428.9733
480,1RNSW,Rest of NSW,New South Wales,2584,281.3129,788428.9733
481,1RNSW,Rest of NSW,New South Wales,2585,260.132,788428.9733
482,1RNSW,Rest of NSW,New South Wales,2586,2323.2503,788428.9733
483,1RNSW,Rest of NSW,New South Wales,2587,921.8587,788428.9733
484,1RNSW,Rest of NSW,New South Wales,2588,218.0548,788428.9733
485,1RNSW,Rest of NSW,New South Wales,2590,1320.4637,788428.9733
486,1RNSW,Rest of NSW,New South Wales,2594,2418.7155,788428.9733
487,1RNSW,Rest of NSW,New South Wales,2600,23.345,788428.9733
488,1RNSW,Rest of NSW,New South Wales,2609,127.7951,788428.9733
489,1RNSW,Rest of NSW,New South Wales,2611,1558.6312,788428.9733
490,1RNSW,Rest of NSW,New South Wales,2615,36.9984,788428.9733
491,1RNSW,Rest of NSW,New South Wales,2617,37.0115,788428.9733
492,1RNSW,Rest of NSW,New South Wales,2618,216.6295,788428.9733
493,1RNSW,Rest of NSW,New South Wales,2619,11.3316,788428.9733
494,1RNSW,Rest of NSW,New South Wales,2620,2869.8201,788428.9733
495,1RNSW,Rest of NSW,New South Wales,2621,853.2512,788428.9733
496,1RNSW,Rest of NSW,New South Wales,2622,4256.1145,788428.9733
497,1RNSW,Rest of NSW,New South Wales,2623,166.9084,788428.9733
498,1RNSW,Rest of NSW,New South Wales,2624,348.5647,788428.9733
499,1RNSW,Rest of NSW,New South Wales,2625,1.0856,788428.9733
500,1RNSW,Rest of NSW,New South Wales,2626,383.5704,788428.9733
501,1RNSW,Rest of NSW,New South Wales,2627,1994.6112,788428.9733
502,1RNSW,Rest of NSW,New South Wales,2628,2337.0094,788428.9733
503,1RNSW,Rest of NSW,New South Wales,2629,2054.5144,788428.9733
504,1RNSW,Rest of NSW,New South Wales,2630,4206.3548,788428.9733
505,1RNSW,Rest of NSW,New South Wales,2631,1199.4934,788428.9733
506,1RNSW,Rest of NSW,New South Wales,2632,1824.9879,788428.9733
507,1RNSW,Rest of NSW,New South Wales,2633,766.4927,788428.9733
508,1RNSW,Rest of NSW,New South Wales,2640,1029.4042,788428.9733
509,1RNSW,Rest of NSW,New South Wales,2641,33.5384,788428.9733
510,1RNSW,Rest of NSW,New South Wales,2642,4076.8,788428.9733
511,1RNSW,Rest of NSW,New South Wales,2643,156.4024,788428.9733
512,1RNSW,Rest of NSW,New South Wales,2644,2157.7365,788428.9733
513,1RNSW,Rest of NSW,New South Wales,2645,1181.6879,788428.9733
514,1RNSW,Rest of NSW,New South Wales,2646,2895.4549,788428.9733
515,1RNSW,Rest of NSW,New South Wales,2647,357.3501,788428.9733
516,1RNSW,Rest of NSW,New South Wales,2648,23909.7281,788428.9733
517,1RNSW,Rest of NSW,New South Wales,2649,247.113,788428.9733
518,1RNSW,Rest of NSW,New South Wales,2650,4061.238,788428.9733
519,1RNSW,Rest of NSW,New South Wales,2651,34.62,788428.9733
520,1RNSW,Rest of NSW,New South Wales,2652,6116.1137,788428.9733
521,1RNSW,Rest of NSW,New South Wales,2653,1228.8205,788428.9733
522,1RNSW,Rest of NSW,New South Wales,2655,427.2763,788428.9733
523,1RNSW,Rest of NSW,New South Wales,2656,1497.1368,788428.9733
524,1RNSW,Rest of NSW,New South Wales,2658,748.0545,788428.9733
525,1RNSW,Rest of NSW,New South Wales,2659,367.5445,788428.9733
526,1RNSW,Rest of NSW,New South Wales,2660,451.2793,788428.9733
527,1RNSW,Rest of NSW,New South Wales,2661,14.7623,788428.9733
528,1RNSW,Rest of NSW,New South Wales,2663,492.6429,788428.9733
529,1RNSW,Rest of NSW,New South Wales,2665,4109.6274,788428.9733
530,1RNSW,Rest of NSW,New South Wales,2666,2462.5855,788428.9733
531,1RNSW,Rest of NSW,New South Wales,2668,708.1132,788428.9733
532,1RNSW,Rest of NSW,New South Wales,2669,6295.346,788428.9733
533,1RNSW,Rest of NSW,New South Wales,2671,3297.7351,788428.9733
534,1RNSW,Rest of NSW,New South Wales,2672,1794.2389,788428.9733
535,1RNSW,Rest of NSW,New South Wales,2675,8518.5583,788428.9733
536,1RNSW,Rest of NSW,New South Wales,2678,3.5099,788428.9733
537,1RNSW,Rest of NSW,New South Wales,2680,1894.4513,788428.9733
538,1RNSW,Rest of NSW,New South Wales,2681,471.7587,788428.9733
539,1RNSW,Rest of NSW,New South Wales,2700,3016.2983,788428.9733
540,1RNSW,Rest of NSW,New South Wales,2701,852.1158,788428.9733
541,1RNSW,Rest of NSW,New South Wales,2702,439.8686,788428.9733
542,1RNSW,Rest of NSW,New South Wales,2703,56.8879,788428.9733
543,1RNSW,Rest of NSW,New South Wales,2705,1129.1529,788428.9733
544,1RNSW,Rest of NSW,New South Wales,2706,725.4016,788428.9733
545,1RNSW,Rest of NSW,New South Wales,2707,2112.3439,788428.9733
546,1RNSW,Rest of NSW,New South Wales,2710,10466.1631,788428.9733
547,1RNSW,Rest of NSW,New South Wales,2711,24180.255,788428.9733
548,1RNSW,Rest of NSW,New South Wales,2712,966.5102,788428.9733
549,1RNSW,Rest of NSW,New South Wales,2713,970.31,788428.9733
550,1RNSW,Rest of NSW,New South Wales,2714,708.9706,788428.9733
551,1RNSW,Rest of NSW,New South Wales,2715,13749.9032,788428.9733
552,1RNSW,Rest of NSW,New South Wales,2716,2861.8271,788428.9733
553,1RNSW,Rest of NSW,New South Wales,2717,120.7928,788428.9733
554,1RNSW,Rest of NSW,New South Wales,2720,2485.6548,788428.9733
555,1RNSW,Rest of NSW,New South Wales,2721,539.5029,788428.9733
556,1RNSW,Rest of NSW,New South Wales,2722,1576.1373,788428.9733
557,1RNSW,Rest of NSW,New South Wales,2725,262.3734,788428.9733
558,1RNSW,Rest of NSW,New South Wales,2726,160.6689,788428.9733
559,1RNSW,Rest of NSW,New South Wales,2727,772.9227,788428.9733
560,1RNSW,Rest of NSW,New South Wales,2729,933.1202,788428.9733
561,1RNSW,Rest of NSW,New South Wales,2730,420.4856,788428.9733
562,1RNSW,Rest of NSW,New South Wales,2731,1428.1661,788428.9733
563,1RNSW,Rest of NSW,New South Wales,2732,1849.8263,788428.9733
564,1RNSW,Rest of NSW,New South Wales,2733,2279.3516,788428.9733
565,1RNSW,Rest of NSW,New South Wales,2734,1755.2448,788428.9733
566,1RNSW,Rest of NSW,New South Wales,2735,271.5656,788428.9733
567,1RNSW,Rest of NSW,New South Wales,2736,213.1077,788428.9733
568,1RNSW,Rest of NSW,New South Wales,2737,3345.8754,788428.9733
569,1RNSW,Rest of NSW,New South Wales,2738,2066.851,788428.9733
570,1RNSW,Rest of NSW,New South Wales,2739,50.1706,788428.9733
571,1RNSW,Rest of NSW,New South Wales,2756,1486.8709,788428.9733
572,1RNSW,Rest of NSW,New South Wales,2758,572.1443,788428.9733
573,1RNSW,Rest of NSW,New South Wales,2775,833.1402,788428.9733
574,1RNSW,Rest of NSW,New South Wales,2785,128.6447,788428.9733
575,1RNSW,Rest of NSW,New South Wales,2786,84.7603,788428.9733
576,1RNSW,Rest of NSW,New South Wales,2787,4632.7818,788428.9733
577,1RNSW,Rest of NSW,New South Wales,2790,2481.3231,788428.9733
578,1RNSW,Rest of NSW,New South Wales,2791,184.9651,788428.9733
579,1RNSW,Rest of NSW,New South Wales,2792,369.6931,788428.9733
580,1RNSW,Rest of NSW,New South Wales,2793,648.0055,788428.9733
581,1RNSW,Rest of NSW,New South Wales,2794,1408.2658,788428.9733
582,1RNSW,Rest of NSW,New South Wales,2795,5307.5248,788428.9733
583,1RNSW,Rest of NSW,New South Wales,2797,147.8245,788428.9733
584,1RNSW,Rest of NSW,New South Wales,2798,268.7089,788428.9733
585,1RNSW,Rest of NSW,New South Wales,2799,630.7998,788428.9733
586,1RNSW,Rest of NSW,New South Wales,2800,1993.9511,788428.9733
587,1RNSW,Rest of NSW,New South Wales,2803,342.0982,788428.9733
588,1RNSW,Rest of NSW,New South Wales,2804,878.0498,788428.9733
589,1RNSW,Rest of NSW,New South Wales,2805,289.854,788428.9733
590,1RNSW,Rest of NSW,New South Wales,2806,519.6961,788428.9733
591,1RNSW,Rest of NSW,New South Wales,2807,299.7008,788428.9733
592,1RNSW,Rest of NSW,New South Wales,2808,242.5414,788428.9733
593,1RNSW,Rest of NSW,New South Wales,2809,163.0067,788428.9733
594,1RNSW,Rest of NSW,New South Wales,2810,2658.971,788428.9733
595,1RNSW,Rest of NSW,New South Wales,2817,961.4848,788428.9733
596,1RNSW,Rest of NSW,New South Wales,2818,471.7655,788428.9733
597,1RNSW,Rest of NSW,New South Wales,2820,2438.751,788428.9733
598,1RNSW,Rest of NSW,New South Wales,2821,2339.8603,788428.9733
599,1RNSW,Rest of NSW,New South Wales,2822,501.7243,788428.9733
600,1RNSW,Rest of NSW,New South Wales,2823,2782.3577,788428.9733
601,1RNSW,Rest of NSW,New South Wales,2824,4843.6,788428.9733
602,1RNSW,Rest of NSW,New South Wales,2825,7188.4073,788428.9733
603,1RNSW,Rest of NSW,New South Wales,2826,1153.7892,788428.9733
604,1RNSW,Rest of NSW,New South Wales,2827,2964.6885,788428.9733
605,1RNSW,Rest of NSW,New South Wales,2828,2375.64,788428.9733
606,1RNSW,Rest of NSW,New South Wales,2829,6318.8294,788428.9733
607,1RNSW,Rest of NSW,New South Wales,2830,3017.4938,788428.9733
608,1RNSW,Rest of NSW,New South Wales,2831,22389.3649,788428.9733
609,1RNSW,Rest of NSW,New South Wales,2832,9695.0643,788428.9733
610,1RNSW,Rest of NSW,New South Wales,2833,5044.6803,788428.9733
611,1RNSW,Rest of NSW,New South Wales,2834,2828.007,788428.9733
612,1RNSW,Rest of NSW,New South Wales,2835,29975.1826,788428.9733
613,1RNSW,Rest of NSW,New South Wales,2836,31517.8004,788428.9733
614,1RNSW,Rest of NSW,New South Wales,2838,3487.8165,788428.9733
615,1RNSW,Rest of NSW,New South Wales,2839,12282.839,788428.9733
616,1RNSW,Rest of NSW,New South Wales,2840,62474.6022,788428.9733
617,1RNSW,Rest of NSW,New South Wales,2842,1317.6706,788428.9733
618,1RNSW,Rest of NSW,New South Wales,2843,1590.9154,788428.9733
619,1RNSW,Rest of NSW,New South Wales,2844,1821.5658,788428.9733
620,1RNSW,Rest of NSW,New South Wales,2845,67.0705,788428.9733
621,1RNSW,Rest of NSW,New South Wales,2846,591.8498,788428.9733
622,1RNSW,Rest of NSW,New South Wales,2847,98.897,788428.9733
623,1RNSW,Rest of NSW,New South Wales,2848,166.2149,788428.9733
624,1RNSW,Rest of NSW,New South Wales,2849,2801.0405,788428.9733
625,1RNSW,Rest of NSW,New South Wales,2850,6005.3758,788428.9733
626,1RNSW,Rest of NSW,New South Wales,2852,1240.991,788428.9733
627,1RNSW,Rest of NSW,New South Wales,2864,438.2457,788428.9733
628,1RNSW,Rest of NSW,New South Wales,2865,620.1745,788428.9733
629,1RNSW,Rest of NSW,New South Wales,2866,1198.7089,788428.9733
630,1RNSW,Rest of NSW,New South Wales,2867,1042.378,788428.9733
631,1RNSW,Rest of NSW,New South Wales,2868,777.9814,788428.9733
632,1RNSW,Rest of NSW,New South Wales,2869,2103.7978,788428.9733
633,1RNSW,Rest of NSW,New South Wales,2870,2453.9995,788428.9733
634,1RNSW,Rest of NSW,New South Wales,2871,3837.8532,788428.9733
635,1RNSW,Rest of NSW,New South Wales,2873,3202.9936,788428.9733
636,1RNSW,Rest of NSW,New South Wales,2874,1358.1326,788428.9733
637,1RNSW,Rest of NSW,New South Wales,2875,2311.0022,788428.9733
638,1RNSW,Rest of NSW,New South Wales,2876,935.4993,788428.9733
639,1RNSW,Rest of NSW,New South Wales,2877,15332.1603,788428.9733
640,1RNSW,Rest of NSW,New South Wales,2878,18261.1234,788428.9733
641,1RNSW,Rest of NSW,New South Wales,2879,13320.0094,788428.9733
642,1RNSW,Rest of NSW,New South Wales,2880,66191.4077,788428.9733
643,1RNSW,Rest of NSW,New South Wales,2898,16.2918,788428.9733
644,1RNSW,Rest of NSW,New South Wales,2900,101.0226,788428.9733
645,1RNSW,Rest of NSW,New South Wales,2912,31.9188,788428.9733
646,2RVIC,Rest of Vic.,Victoria,2550,3966.6591,217503.6398
647,2RVIC,Rest of Vic.,Victoria,2551,1397.7681,217503.6398
648,2RVIC,Rest of Vic.,Victoria,2627,1994.6112,217503.6398
649,2RVIC,Rest of Vic.,Victoria,2628,2337.0094,217503.6398
650,2RVIC,Rest of Vic.,Victoria,2632,1824.9879,217503.6398
651,2RVIC,Rest of Vic.,Victoria,2633,766.4927,217503.6398
652,2RVIC,Rest of Vic.,Victoria,2640,1029.4042,217503.6398
653,2RVIC,Rest of Vic.,Victoria,2642,4076.8,217503.6398
654,2RVIC,Rest of Vic.,Victoria,2643,156.4024,217503.6398
655,2RVIC,Rest of Vic.,Victoria,2644,2157.7365,217503.6398
656,2RVIC,Rest of Vic.,Victoria,2646,2895.4549,217503.6398
657,2RVIC,Rest of Vic.,Victoria,2647,357.3501,217503.6398
658,2RVIC,Rest of Vic.,Victoria,2648,23909.7281,217503.6398
659,2RVIC,Rest of Vic.,Victoria,2710,10466.1631,217503.6398
660,2RVIC,Rest of Vic.,Victoria,2712,966.5102,217503.6398
661,2RVIC,Rest of Vic.,Victoria,2714,708.9706,217503.6398
662,2RVIC,Rest of Vic.,Victoria,2715,13749.9032,217503.6398
663,2RVIC,Rest of Vic.,Victoria,2717,120.7928,217503.6398
664,2RVIC,Rest of Vic.,Victoria,2731,1428.1661,217503.6398
665,2RVIC,Rest of Vic.,Victoria,2732,1849.8263,217503.6398
666,2RVIC,Rest of Vic.,Victoria,2734,1755.2448,217503.6398
667,2RVIC,Rest of Vic.,Victoria,2735,271.5656,217503.6398
668,2RVIC,Rest of Vic.,Victoria,2736,213.1077,217503.6398
669,2RVIC,Rest of Vic.,Victoria,2737,3345.8754,217503.6398
670,2RVIC,Rest of Vic.,Victoria,2738,2066.851,217503.6398
671,2RVIC,Rest of Vic.,Victoria,2739,50.1706,217503.6398
672,3GBRI,Greater Brisbane,Queensland,2474,1537.5939,15842.0073
673,3GBRI,Greater Brisbane,Queensland,2476,805.3354,15842.0073
674,3RQLD,Rest of Qld,Queensland,2361,1963.1502,1714329.2135
675,3RQLD,Rest of Qld,Queensland,2372,4894.7861,1714329.2135
676,3RQLD,Rest of Qld,Queensland,2405,3418.239,1714329.2135
677,3RQLD,Rest of Qld,Queensland,2406,3283.9561,1714329.2135
678,3RQLD,Rest of Qld,Queensland,2409,1607.1651,1714329.2135
679,3RQLD,Rest of Qld,Queensland,2410,1530.5927,1714329.2135
680,3RQLD,Rest of Qld,Queensland,2474,1537.5939,1714329.2135
681,3RQLD,Rest of Qld,Queensland,2476,805.3354,1714329.2135
682,3RQLD,Rest of Qld,Queensland,2484,972.2983,1714329.2135
683,3RQLD,Rest of Qld,Queensland,2485,13.73,1714329.2135
684,3RQLD,Rest of Qld,Queensland,2486,100.3781,1714329.2135
685,3RQLD,Rest of Qld,Queensland,2833,5044.6803,1714329.2135
686,3RQLD,Rest of Qld,Queensland,2834,2828.007,1714329.2135
687,3RQLD,Rest of Qld,Queensland,2838,3487.8165,1714329.2135
688,3RQLD,Rest of Qld,Queensland,2839,12282.839,1714329.2135
689,3RQLD,Rest of Qld,Queensland,2840,62474.6022,1714329.2135
690,3RQLD,Rest of Qld,Queensland,2880,66191.4077,1714329.2135
691,4RSAU,Rest of SA,South Australia,2648,23909.7281,980971.5343
692,4RSAU,Rest of SA,South Australia,2880,66191.4077,980971.5343
693,8ACTE,Australian Capital Territory,Australian Capital Territory,2600,23.345,2358.133
694,8ACTE,Australian Capital Territory,Australian Capital Territory,2601,15.233,2358.133
695,8ACTE,Australian Capital Territory,Australian Capital Territory,2602,21.9723,2358.133
696,8ACTE,Australian Capital Territory,Australian Capital Territory,2603,9.2066,2358.133
697,8ACTE,Australian Capital Territory,Australian Capital Territory,2604,5.4946,2358.133
698,8ACTE,Australian Capital Territory,Australian Capital Territory,2605,9.2938,2358.133
699,8ACTE,Australian Capital Territory,Australian Capital Territory,2606,9.0325,2358.133
700,8ACTE,Australian Capital Territory,Australian Capital Territory,2607,10.2741,2358.133
701,8ACTE,Australian Capital Territory,Australian Capital Territory,2609,127.7951,2358.133
702,8ACTE,Australian Capital Territory,Australian Capital Territory,2611,1558.6312,2358.133
703,8ACTE,Australian Capital Territory,Australian Capital Territory,2612,9.4532,2358.133
704,8ACTE,Australian Capital Territory,Australian Capital Territory,2614,11.1345,2358.133
705,8ACTE,Australian Capital Territory,Australian Capital Territory,2615,36.9984,2358.133
706,8ACTE,Australian Capital Territory,Australian Capital Territory,2617,37.0115,2358.133
707,8ACTE,Australian Capital Territory,Australian Capital Territory,2618,216.6295,2358.133
708,8ACTE,Australian Capital Territory,Australian Capital Territory,2619,11.3316,2358.133
709,8ACTE,Australian Capital Territory,Australian Capital Territory,2620,2869.8201,2358.133
710,8ACTE,Australian Capital Territory,Australian Capital Territory,2621,853.2512,2358.133
711,8ACTE,Australian Capital Territory,Australian Capital Territory,2626,383.5704,2358.133
712,8ACTE,Australian Capital Territory,Australian Capital Territory,2629,2054.5144,2358.133
713,8ACTE,Australian Capital Territory,Australian Capital Territory,2630,4206.3548,2358.133
714,8ACTE,Australian Capital Territory,Australian Capital Territory,2900,101.0226,2358.133
715,8ACTE,Australian Capital Territory,Australian Capital Territory,2902,11.3361,2358.133
716,8ACTE,Australian Capital Territory,Australian Capital Territory,2903,6.484,2358.133
717,8ACTE,Australian Capital Territory,Australian Capital Territory,2904,9.7514,2358.133
718,8ACTE,Australian Capital Territory,Australian Capital Territory,2905,19.8141,2358.133
719,8ACTE,Australian Capital Territory,Australian Capital Territory,2906,11.2186,2358.133
720,8ACTE,Australian Capital Territory,Australian Capital Territory,2911,5.0536,2358.133
721,8ACTE,Australian Capital Territory,Australian Capital Territory,2912,31.9188,2358.133
722,8ACTE,Australian Capital Territory,Australian Capital Territory,2913,21.81,2358.133
723,8ACTE,Australian Capital Territory,Australian Capital Territory,2914,16.4832,2358.133
724,9OTER,Other Territories,Other Territories,2540,1900.6655,255.742
725,9OTER,Other Territories,Other Territories,2899,38.651,255.742
