Row Number,SA4 Code 2021,SA4 Name,State,Postcode,Postcode Area (sq km),SA4 Area (sq km)
1,101,Capital Region,New South Wales,2536,974.8377,51896.2444
2,101,Capital Region,New South Wales,2537,1167.0234,51896.2444
3,101,Capital Region,New South Wales,2538,390.494,51896.2444
4,101,Capital Region,New South Wales,2539,686.0289,51896.2444
5,101,Capital Region,New South Wales,2540,1900.6655,51896.2444
6,101,Capital Region,New South Wales,2545,876.5468,51896.2444
7,101,Capital Region,New South Wales,2546,911.2673,51896.2444
8,101,Capital Region,New South Wales,2548,120.1179,51896.2444
9,101,Capital Region,New South Wales,2549,222.9511,51896.2444
10,101,Capital Region,New South Wales,2550,3966.6591,51896.2444
11,101,Capital Region,New South Wales,2551,1397.7681,51896.2444
12,101,Capital Region,New South Wales,2575,981.4743,51896.2444
13,101,Capital Region,New South Wales,2577,1312.519,51896.2444
14,101,Capital Region,New South Wales,2579,860.117,51896.2444
15,101,Capital Region,New South Wales,2580,5512.6655,51896.2444
16,101,Capital Region,New South Wales,2581,2106.6075,51896.2444
17,101,Capital Region,New South Wales,2582,3130.1184,51896.2444
18,101,Capital Region,New South Wales,2583,3382.6891,51896.2444
19,101,Capital Region,New South Wales,2584,281.3129,51896.2444
20,101,Capital Region,New South Wales,2585,260.132,51896.2444
21,101,Capital Region,New South Wales,2586,2323.2503,51896.2444
22,101,Capital Region,New South Wales,2587,921.8587,51896.2444
23,101,Capital Region,New South Wales,2588,218.0548,51896.2444
24,101,Capital Region,New South Wales,2590,1320.4637,51896.2444
25,101,Capital Region,New South Wales,2594,2418.7155,51896.2444
26,101,Capital Region,New South Wales,2600,23.345,51896.2444
27,101,Capital Region,New South Wales,2609,127.7951,51896.2444
28,101,Capital Region,New South Wales,2611,1558.6312,51896.2444
29,101,Capital Region,New South Wales,2615,36.9984,51896.2444
30,101,Capital Region,New South Wales,2617,37.0115,51896.2444
31,101,Capital Region,New South Wales,2618,216.6295,51896.2444
32,101,Capital Region,New South Wales,2619,11.3316,51896.2444
33,101,Capital Region,New South Wales,2620,2869.8201,51896.2444
34,101,Capital Region,New South Wales,2621,853.2512,51896.2444
35,101,Capital Region,New South Wales,2622,4256.1145,51896.2444
36,101,Capital Region,New South Wales,2623,166.9084,51896.2444
37,101,Capital Region,New South Wales,2624,348.5647,51896.2444
38,101,Capital Region,New South Wales,2625,1.0856,51896.2444
39,101,Capital Region,New South Wales,2626,383.5704,51896.2444
40,101,Capital Region,New South Wales,2627,1994.6112,51896.2444
41,101,Capital Region,New South Wales,2628,2337.0094,51896.2444
42,101,Capital Region,New South Wales,2629,2054.5144,51896.2444
43,101,Capital Region,New South Wales,2630,4206.3548,51896.2444
44,101,Capital Region,New South Wales,2631,1199.4934,51896.2444
45,101,Capital Region,New South Wales,2632,1824.9879,51896.2444
46,101,Capital Region,New South Wales,2633,766.4927,51896.2444
47,101,Capital Region,New South Wales,2642,4076.8,51896.2444
48,101,Capital Region,New South Wales,2666,2462.5855,51896.2444
49,101,Capital Region,New South Wales,2720,2485.6548,51896.2444
50,101,Capital Region,New South Wales,2722,1576.1373,51896.2444
51,101,Capital Region,New South Wales,2725,262.3734,51896.2444
52,101,Capital Region,New South Wales,2726,160.6689,51896.2444
53,101,Capital Region,New South Wales,2727,772.9227,51896.2444
54,101,Capital Region,New South Wales,2787,4632.7818,51896.2444
55,101,Capital Region,New South Wales,2793,648.0055,51896.2444
56,101,Capital Region,New South Wales,2794,1408.2658,51896.2444
57,101,Capital Region,New South Wales,2795,5307.5248,51896.2444
58,101,Capital Region,New South Wales,2803,342.0982,51896.2444
59,101,Capital Region,New South Wales,2807,299.7008,51896.2444
60,101,Capital Region,New South Wales,2808,242.5414,51896.2444
61,101,Capital Region,New South Wales,2809,163.0067,51896.2444
62,101,Capital Region,New South Wales,2810,2658.971,51896.2444
63,101,Capital Region,New South Wales,2900,101.0226,51896.2444
64,101,Capital Region,New South Wales,2912,31.9188,51896.2444
65,102,Central Coast,New South Wales,2083,45.774,1681.0088
66,102,Central Coast,New South Wales,2250,691.6342,1681.0088
67,102,Central Coast,New South Wales,2251,43.5444,1681.0088
68,102,Central Coast,New South Wales,2256,72.7648,1681.0088
69,102,Central Coast,New South Wales,2257,29.3795,1681.0088
70,102,Central Coast,New South Wales,2258,121.2568,1681.0088
71,102,Central Coast,New South Wales,2259,524.7348,1681.0088
72,102,Central Coast,New South Wales,2260,23.6207,1681.0088
73,102,Central Coast,New South Wales,2261,51.4591,1681.0088
74,102,Central Coast,New South Wales,2262,33.7717,1681.0088
75,102,Central Coast,New South Wales,2263,22.3942,1681.0088
76,102,Central Coast,New South Wales,2264,115.1942,1681.0088
77,102,Central Coast,New South Wales,2265,136.0018,1681.0088
78,102,Central Coast,New South Wales,2325,1605.0648,1681.0088
79,102,Central Coast,New South Wales,2775,833.1402,1681.0088
80,103,Central West,New South Wales,2328,1634.8508,70297.06
81,103,Central West,New South Wales,2329,3056.2045,70297.06
82,103,Central West,New South Wales,2330,4730.8949,70297.06
83,103,Central West,New South Wales,2580,5512.6655,70297.06
84,103,Central West,New South Wales,2583,3382.6891,70297.06
85,103,Central West,New South Wales,2586,2323.2503,70297.06
86,103,Central West,New South Wales,2594,2418.7155,70297.06
87,103,Central West,New South Wales,2665,4109.6274,70297.06
88,103,Central West,New South Wales,2666,2462.5855,70297.06
89,103,Central West,New South Wales,2668,708.1132,70297.06
90,103,Central West,New South Wales,2669,6295.346,70297.06
91,103,Central West,New South Wales,2671,3297.7351,70297.06
92,103,Central West,New South Wales,2672,1794.2389,70297.06
93,103,Central West,New South Wales,2675,8518.5583,70297.06
94,103,Central West,New South Wales,2721,539.5029,70297.06
95,103,Central West,New South Wales,2756,1486.8709,70297.06
96,103,Central West,New South Wales,2758,572.1443,70297.06
97,103,Central West,New South Wales,2785,128.6447,70297.06
98,103,Central West,New South Wales,2786,84.7603,70297.06
99,103,Central West,New South Wales,2787,4632.7818,70297.06
100,103,Central West,New South Wales,2790,2481.3231,70297.06
101,103,Central West,New South Wales,2791,184.9651,70297.06
102,103,Central West,New South Wales,2792,369.6931,70297.06
103,103,Central West,New South Wales,2793,648.0055,70297.06
104,103,Central West,New South Wales,2794,1408.2658,70297.06
105,103,Central West,New South Wales,2795,5307.5248,70297.06
106,103,Central West,New South Wales,2797,147.8245,70297.06
107,103,Central West,New South Wales,2798,268.7089,70297.06
108,103,Central West,New South Wales,2799,630.7998,70297.06
109,103,Central West,New South Wales,2800,1993.9511,70297.06
110,103,Central West,New South Wales,2803,342.0982,70297.06
111,103,Central West,New South Wales,2804,878.0498,70297.06
112,103,Central West,New South Wales,2805,289.854,70297.06
113,103,Central West,New South Wales,2806,519.6961,70297.06
114,103,Central West,New South Wales,2807,299.7008,70297.06
115,103,Central West,New South Wales,2808,242.5414,70297.06
116,103,Central West,New South Wales,2809,163.0067,70297.06
117,103,Central West,New South Wales,2810,2658.971,70297.06
118,103,Central West,New South Wales,2820,2438.751,70297.06
119,103,Central West,New South Wales,2821,2339.8603,70297.06
120,103,Central West,New South Wales,2823,2782.3577,70297.06
121,103,Central West,New South Wales,2825,7188.4073,70297.06
122,103,Central West,New South Wales,2826,1153.7892,70297.06
123,103,Central West,New South Wales,2830,3017.4938,70297.06
124,103,Central West,New South Wales,2831,22389.3649,70297.06
125,103,Central West,New South Wales,2842,1317.6706,70297.06
126,103,Central West,New South Wales,2843,1590.9154,70297.06
127,103,Central West,New South Wales,2844,1821.5658,70297.06
128,103,Central West,New South Wales,2845,67.0705,70297.06
129,103,Central West,New South Wales,2846,591.8498,70297.06
130,103,Central West,New South Wales,2847,98.897,70297.06
131,103,Central West,New South Wales,2848,166.2149,70297.06
132,103,Central West,New South Wales,2849,2801.0405,70297.06
133,103,Central West,New South Wales,2850,6005.3758,70297.06
134,103,Central West,New South Wales,2852,1240.991,70297.06
135,103,Central West,New South Wales,2864,438.2457,70297.06
136,103,Central West,New South Wales,2865,620.1745,70297.06
137,103,Central West,New South Wales,2866,1198.7089,70297.06
138,103,Central West,New South Wales,2867,1042.378,70297.06
139,103,Central West,New South Wales,2868,777.9814,70297.06
140,103,Central West,New South Wales,2869,2103.7978,70297.06
141,103,Central West,New South Wales,2870,2453.9995,70297.06
142,103,Central West,New South Wales,2871,3837.8532,70297.06
143,103,Central West,New South Wales,2873,3202.9936,70297.06
144,103,Central West,New South Wales,2874,1358.1326,70297.06
145,103,Central West,New South Wales,2875,2311.0022,70297.06
146,103,Central West,New South Wales,2876,935.4993,70297.06
147,103,Central West,New South Wales,2877,15332.1603,70297.06
148,104,Coffs Harbour - Grafton,New South Wales,2365,3804.6687,13229.7577
149,104,Coffs Harbour - Grafton,New South Wales,2370,4769.4223,13229.7577
150,104,Coffs Harbour - Grafton,New South Wales,2372,4894.7861,13229.7577
151,104,Coffs Harbour - Grafton,New South Wales,2440,3604.2396,13229.7577
152,104,Coffs Harbour - Grafton,New South Wales,2448,115.0676,13229.7577
153,104,Coffs Harbour - Grafton,New South Wales,2449,570.7344,13229.7577
154,104,Coffs Harbour - Grafton,New South Wales,2450,1019.718,13229.7577
155,104,Coffs Harbour - Grafton,New South Wales,2452,12.7764,13229.7577
156,104,Coffs Harbour - Grafton,New South Wales,2453,2157.9951,13229.7577
157,104,Coffs Harbour - Grafton,New South Wales,2454,975.6046,13229.7577
158,104,Coffs Harbour - Grafton,New South Wales,2455,48.0551,13229.7577
159,104,Coffs Harbour - Grafton,New South Wales,2456,205.4443,13229.7577
160,104,Coffs Harbour - Grafton,New South Wales,2460,6630.3495,13229.7577
161,104,Coffs Harbour - Grafton,New South Wales,2462,470.532,13229.7577
162,104,Coffs Harbour - Grafton,New South Wales,2463,549.2925,13229.7577
163,104,Coffs Harbour - Grafton,New South Wales,2464,102.8533,13229.7577
164,104,Coffs Harbour - Grafton,New South Wales,2465,23.5903,13229.7577
165,104,Coffs Harbour - Grafton,New South Wales,2466,14.3561,13229.7577
166,104,Coffs Harbour - Grafton,New South Wales,2469,3813.3747,13229.7577
167,104,Coffs Harbour - Grafton,New South Wales,2472,466.4076,13229.7577
168,105,Far West and Orana,New South Wales,2329,3056.2045,339355.6461
169,105,Far West and Orana,New South Wales,2343,3352.8926,339355.6461
170,105,Far West and Orana,New South Wales,2356,542.7306,339355.6461
171,105,Far West and Orana,New South Wales,2357,3305.5418,339355.6461
172,105,Far West and Orana,New South Wales,2379,1114.41,339355.6461
173,105,Far West and Orana,New South Wales,2380,2089.1897,339355.6461
174,105,Far West and Orana,New South Wales,2381,2052.3174,339355.6461
175,105,Far West and Orana,New South Wales,2382,1826.3389,339355.6461
176,105,Far West and Orana,New South Wales,2386,1979.4029,339355.6461
177,105,Far West and Orana,New South Wales,2387,1388.5196,339355.6461
178,105,Far West and Orana,New South Wales,2388,6699.0871,339355.6461
179,105,Far West and Orana,New South Wales,2395,1113.5695,339355.6461
180,105,Far West and Orana,New South Wales,2396,1826.7503,339355.6461
181,105,Far West and Orana,New South Wales,2400,7569.0088,339355.6461
182,105,Far West and Orana,New South Wales,2406,3283.9561,339355.6461
183,105,Far West and Orana,New South Wales,2648,23909.7281,339355.6461
184,105,Far West and Orana,New South Wales,2672,1794.2389,339355.6461
185,105,Far West and Orana,New South Wales,2675,8518.5583,339355.6461
186,105,Far West and Orana,New South Wales,2715,13749.9032,339355.6461
187,105,Far West and Orana,New South Wales,2800,1993.9511,339355.6461
188,105,Far West and Orana,New South Wales,2817,961.4848,339355.6461
189,105,Far West and Orana,New South Wales,2818,471.7655,339355.6461
190,105,Far West and Orana,New South Wales,2820,2438.751,339355.6461
191,105,Far West and Orana,New South Wales,2821,2339.8603,339355.6461
192,105,Far West and Orana,New South Wales,2822,501.7243,339355.6461
193,105,Far West and Orana,New South Wales,2823,2782.3577,339355.6461
194,105,Far West and Orana,New South Wales,2824,4843.6,339355.6461
195,105,Far West and Orana,New South Wales,2825,7188.4073,339355.6461
196,105,Far West and Orana,New South Wales,2826,1153.7892,339355.6461
197,105,Far West and Orana,New South Wales,2827,2964.6885,339355.6461
198,105,Far West and Orana,New South Wales,2828,2375.64,339355.6461
199,105,Far West and Orana,New South Wales,2829,6318.8294,339355.6461
200,105,Far West and Orana,New South Wales,2830,3017.4938,339355.6461
201,105,Far West and Orana,New South Wales,2831,22389.3649,339355.6461
202,105,Far West and Orana,New South Wales,2832,9695.0643,339355.6461
203,105,Far West and Orana,New South Wales,2833,5044.6803,339355.6461
204,105,Far West and Orana,New South Wales,2834,2828.007,339355.6461
205,105,Far West and Orana,New South Wales,2835,29975.1826,339355.6461
206,105,Far West and Orana,New South Wales,2836,31517.8004,339355.6461
207,105,Far West and Orana,New South Wales,2838,3487.8165,339355.6461
208,105,Far West and Orana,New South Wales,2839,12282.839,339355.6461
209,105,Far West and Orana,New South Wales,2840,62474.6022,339355.6461
210,105,Far West and Orana,New South Wales,2842,1317.6706,339355.6461
211,105,Far West and Orana,New South Wales,2843,1590.9154,339355.6461
212,105,Far West and Orana,New South Wales,2844,1821.5658,339355.6461
213,105,Far West and Orana,New South Wales,2850,6005.3758,339355.6461
214,105,Far West and Orana,New South Wales,2852,1240.991,339355.6461
215,105,Far West and Orana,New South Wales,2866,1198.7089,339355.6461
216,105,Far West and Orana,New South Wales,2867,1042.378,339355.6461
217,105,Far West and Orana,New South Wales,2868,777.9814,339355.6461
218,105,Far West and Orana,New South Wales,2869,2103.7978,339355.6461
219,105,Far West and Orana,New South Wales,2873,3202.9936,339355.6461
220,105,Far West and Orana,New South Wales,2874,1358.1326,339355.6461
221,105,Far West and Orana,New South Wales,2877,15332.1603,339355.6461
222,105,Far West and Orana,New South Wales,2878,18261.1234,339355.6461
223,105,Far West and Orana,New South Wales,2879,13320.0094,339355.6461
224,105,Far West and Orana,New South Wales,2880,66191.4077,339355.6461
225,106,Hunter Valley exc Newcastle,New South Wales,2250,691.6342,21491.2917
226,106,Hunter Valley exc Newcastle,New South Wales,2259,524.7348,21491.2917
227,106,Hunter Valley exc Newcastle,New South Wales,2265,136.0018,21491.2917
228,106,Hunter Valley exc Newcastle,New South Wales,2278,45.0568,21491.2917
229,106,Hunter Valley exc Newcastle,New South Wales,2285,32.3918,21491.2917
230,106,Hunter Valley exc Newcastle,New South Wales,2286,25.2353,21491.2917
231,106,Hunter Valley exc Newcastle,New South Wales,2287,38.0741,21491.2917
232,106,Hunter Valley exc Newcastle,New South Wales,2311,783.5898,21491.2917
233,106,Hunter Valley exc Newcastle,New South Wales,2315,32.3446,21491.2917
234,106,Hunter Valley exc Newcastle,New South Wales,2316,73.9271,21491.2917
235,106,Hunter Valley exc Newcastle,New South Wales,2317,9.734,21491.2917
236,106,Hunter Valley exc Newcastle,New South Wales,2318,259.5244,21491.2917
237,106,Hunter Valley exc Newcastle,New South Wales,2319,29.6406,21491.2917
238,106,Hunter Valley exc Newcastle,New South Wales,2320,403.8742,21491.2917
239,106,Hunter Valley exc Newcastle,New South Wales,2321,361.6288,21491.2917
240,106,Hunter Valley exc Newcastle,New South Wales,2322,168.2091,21491.2917
241,106,Hunter Valley exc Newcastle,New South Wales,2323,207.9467,21491.2917
242,106,Hunter Valley exc Newcastle,New South Wales,2324,627.1611,21491.2917
243,106,Hunter Valley exc Newcastle,New South Wales,2325,1605.0648,21491.2917
244,106,Hunter Valley exc Newcastle,New South Wales,2326,80.9068,21491.2917
245,106,Hunter Valley exc Newcastle,New South Wales,2327,15.0694,21491.2917
246,106,Hunter Valley exc Newcastle,New South Wales,2328,1634.8508,21491.2917
247,106,Hunter Valley exc Newcastle,New South Wales,2329,3056.2045,21491.2917
248,106,Hunter Valley exc Newcastle,New South Wales,2330,4730.8949,21491.2917
249,106,Hunter Valley exc Newcastle,New South Wales,2331,137.2978,21491.2917
250,106,Hunter Valley exc Newcastle,New South Wales,2333,1691.3907,21491.2917
251,106,Hunter Valley exc Newcastle,New South Wales,2334,20.7073,21491.2917
252,106,Hunter Valley exc Newcastle,New South Wales,2335,268.4372,21491.2917
253,106,Hunter Valley exc Newcastle,New South Wales,2336,888.9717,21491.2917
254,106,Hunter Valley exc Newcastle,New South Wales,2337,3331.7268,21491.2917
255,106,Hunter Valley exc Newcastle,New South Wales,2338,989.4776,21491.2917
256,106,Hunter Valley exc Newcastle,New South Wales,2339,1120.8458,21491.2917
257,106,Hunter Valley exc Newcastle,New South Wales,2340,3352.9983,21491.2917
258,106,Hunter Valley exc Newcastle,New South Wales,2343,3352.8926,21491.2917
259,106,Hunter Valley exc Newcastle,New South Wales,2354,7142.1491,21491.2917
260,106,Hunter Valley exc Newcastle,New South Wales,2415,451.8325,21491.2917
261,106,Hunter Valley exc Newcastle,New South Wales,2420,1023.5128,21491.2917
262,106,Hunter Valley exc Newcastle,New South Wales,2421,244.7457,21491.2917
263,106,Hunter Valley exc Newcastle,New South Wales,2422,3212.5916,21491.2917
264,106,Hunter Valley exc Newcastle,New South Wales,2423,1346.2284,21491.2917
265,106,Hunter Valley exc Newcastle,New South Wales,2425,518.0099,21491.2917
266,106,Hunter Valley exc Newcastle,New South Wales,2756,1486.8709,21491.2917
267,106,Hunter Valley exc Newcastle,New South Wales,2775,833.1402,21491.2917
268,106,Hunter Valley exc Newcastle,New South Wales,2843,1590.9154,21491.2917
269,106,Hunter Valley exc Newcastle,New South Wales,2849,2801.0405,21491.2917
270,106,Hunter Valley exc Newcastle,New South Wales,2850,6005.3758,21491.2917
271,107,Illawarra,New South Wales,2173,192.8683,1539.2405
272,107,Illawarra,New South Wales,2232,153.5693,1539.2405
273,107,Illawarra,New South Wales,2233,40.831,1539.2405
274,107,Illawarra,New South Wales,2500,27.1582,1539.2405
275,107,Illawarra,New South Wales,2502,9.1601,1539.2405
276,107,Illawarra,New South Wales,2505,13.8266,1539.2405
277,107,Illawarra,New South Wales,2506,7.3207,1539.2405
278,107,Illawarra,New South Wales,2508,162.241,1539.2405
279,107,Illawarra,New South Wales,2515,14.2268,1539.2405
280,107,Illawarra,New South Wales,2516,8.6615,1539.2405
281,107,Illawarra,New South Wales,2517,9.0099,1539.2405
282,107,Illawarra,New South Wales,2518,12.7193,1539.2405
283,107,Illawarra,New South Wales,2519,9.2816,1539.2405
284,107,Illawarra,New South Wales,2525,8.5595,1539.2405
285,107,Illawarra,New South Wales,2526,132.2947,1539.2405
286,107,Illawarra,New South Wales,2527,96.0646,1539.2405
287,107,Illawarra,New South Wales,2528,11.2805,1539.2405
288,107,Illawarra,New South Wales,2529,40.4513,1539.2405
289,107,Illawarra,New South Wales,2530,88.3672,1539.2405
290,107,Illawarra,New South Wales,2533,106.4039,1539.2405
291,107,Illawarra,New South Wales,2534,76.2287,1539.2405
292,107,Illawarra,New South Wales,2535,247.9753,1539.2405
293,107,Illawarra,New South Wales,2560,411.3136,1539.2405
294,107,Illawarra,New South Wales,2571,250.2842,1539.2405
295,107,Illawarra,New South Wales,2574,350.23,1539.2405
296,107,Illawarra,New South Wales,2575,981.4743,1539.2405
297,107,Illawarra,New South Wales,2576,174.2442,1539.2405
298,107,Illawarra,New South Wales,2577,1312.519,1539.2405
299,108,Mid North Coast,New South Wales,2311,783.5898,18851.4986
300,108,Mid North Coast,New South Wales,2312,181.2071,18851.4986
301,108,Mid North Coast,New South Wales,2321,361.6288,18851.4986
302,108,Mid North Coast,New South Wales,2324,627.1611,18851.4986
303,108,Mid North Coast,New South Wales,2337,3331.7268,18851.4986
304,108,Mid North Coast,New South Wales,2350,4543.2274,18851.4986
305,108,Mid North Coast,New South Wales,2354,7142.1491,18851.4986
306,108,Mid North Coast,New South Wales,2415,451.8325,18851.4986
307,108,Mid North Coast,New South Wales,2420,1023.5128,18851.4986
308,108,Mid North Coast,New South Wales,2422,3212.5916,18851.4986
309,108,Mid North Coast,New South Wales,2423,1346.2284,18851.4986
310,108,Mid North Coast,New South Wales,2424,881.6889,18851.4986
311,108,Mid North Coast,New South Wales,2425,518.0099,18851.4986
312,108,Mid North Coast,New South Wales,2426,71.3349,18851.4986
313,108,Mid North Coast,New South Wales,2427,39.8682,18851.4986
314,108,Mid North Coast,New South Wales,2428,320.9401,18851.4986
315,108,Mid North Coast,New South Wales,2429,1799.9008,18851.4986
316,108,Mid North Coast,New South Wales,2430,843.4816,18851.4986
317,108,Mid North Coast,New South Wales,2431,45.9673,18851.4986
318,108,Mid North Coast,New South Wales,2439,362.4229,18851.4986
319,108,Mid North Coast,New South Wales,2440,3604.2396,18851.4986
320,108,Mid North Coast,New South Wales,2441,992.7849,18851.4986
321,108,Mid North Coast,New South Wales,2443,312.5374,18851.4986
322,108,Mid North Coast,New South Wales,2444,222.4491,18851.4986
323,108,Mid North Coast,New South Wales,2445,76.8106,18851.4986
324,108,Mid North Coast,New South Wales,2446,2233.1607,18851.4986
325,108,Mid North Coast,New South Wales,2447,566.6442,18851.4986
326,108,Mid North Coast,New South Wales,2448,115.0676,18851.4986
327,108,Mid North Coast,New South Wales,2449,570.7344,18851.4986
328,108,Mid North Coast,New South Wales,2453,2157.9951,18851.4986
329,108,Mid North Coast,New South Wales,2454,975.6046,18851.4986
330,108,Mid North Coast,New South Wales,2455,48.0551,18851.4986
331,108,Mid North Coast,New South Wales,2898,16.2918,18851.4986
332,109,Murray,New South Wales,2640,1029.4042,97796.4898
333,109,Murray,New South Wales,2641,33.5384,97796.4898
334,109,Murray,New South Wales,2642,4076.8,97796.4898
335,109,Murray,New South Wales,2643,156.4024,97796.4898
336,109,Murray,New South Wales,2644,2157.7365,97796.4898
337,109,Murray,New South Wales,2645,1181.6879,97796.4898
338,109,Murray,New South Wales,2646,2895.4549,97796.4898
339,109,Murray,New South Wales,2647,357.3501,97796.4898
340,109,Murray,New South Wales,2648,23909.7281,97796.4898
341,109,Murray,New South Wales,2650,4061.238,97796.4898
342,109,Murray,New South Wales,2652,6116.1137,97796.4898
343,109,Murray,New South Wales,2653,1228.8205,97796.4898
344,109,Murray,New South Wales,2656,1497.1368,97796.4898
345,109,Murray,New South Wales,2658,748.0545,97796.4898
346,109,Murray,New South Wales,2659,367.5445,97796.4898
347,109,Murray,New South Wales,2660,451.2793,97796.4898
348,109,Murray,New South Wales,2675,8518.5583,97796.4898
349,109,Murray,New South Wales,2700,3016.2983,97796.4898
350,109,Murray,New South Wales,2707,2112.3439,97796.4898
351,109,Murray,New South Wales,2710,10466.1631,97796.4898
352,109,Murray,New South Wales,2711,24180.255,97796.4898
353,109,Murray,New South Wales,2712,966.5102,97796.4898
354,109,Murray,New South Wales,2713,970.31,97796.4898
355,109,Murray,New South Wales,2714,708.9706,97796.4898
356,109,Murray,New South Wales,2715,13749.9032,97796.4898
357,109,Murray,New South Wales,2716,2861.8271,97796.4898
358,109,Murray,New South Wales,2717,120.7928,97796.4898
359,109,Murray,New South Wales,2731,1428.1661,97796.4898
360,109,Murray,New South Wales,2732,1849.8263,97796.4898
361,109,Murray,New South Wales,2733,2279.3516,97796.4898
362,109,Murray,New South Wales,2734,1755.2448,97796.4898
363,109,Murray,New South Wales,2735,271.5656,97796.4898
364,109,Murray,New South Wales,2736,213.1077,97796.4898
365,109,Murray,New South Wales,2737,3345.8754,97796.4898
366,109,Murray,New South Wales,2738,2066.851,97796.4898
367,109,Murray,New South Wales,2739,50.1706,97796.4898
368,109,Murray,New South Wales,2878,18261.1234,97796.4898
369,109,Murray,New South Wales,2879,13320.0094,97796.4898
370,109,Murray,New South Wales,2880,66191.4077,97796.4898
371,110,New England and North West,New South Wales,2329,3056.2045,99139.8999
372,110,New England and North West,New South Wales,2336,888.9717,99139.8999
373,110,New England and North West,New South Wales,2337,3331.7268,99139.8999
374,110,New England and North West,New South Wales,2338,989.4776,99139.8999
375,110,New England and North West,New South Wales,2339,1120.8458,99139.8999
376,110,New England and North West,New South Wales,2340,3352.9983,99139.8999
377,110,New England and North West,New South Wales,2341,227.9108,99139.8999
378,110,New England and North West,New South Wales,2342,561.0816,99139.8999
379,110,New England and North West,New South Wales,2343,3352.8926,99139.8999
380,110,New England and North West,New South Wales,2344,339.1674,99139.8999
381,110,New England and North West,New South Wales,2345,291.7831,99139.8999
382,110,New England and North West,New South Wales,2346,1967.8028,99139.8999
383,110,New England and North West,New South Wales,2347,3035.4851,99139.8999
384,110,New England and North West,New South Wales,2350,4543.2274,99139.8999
385,110,New England and North West,New South Wales,2352,434.2708,99139.8999
386,110,New England and North West,New South Wales,2353,198.8995,99139.8999
387,110,New England and North West,New South Wales,2354,7142.1491,99139.8999
388,110,New England and North West,New South Wales,2355,918.5516,99139.8999
389,110,New England and North West,New South Wales,2356,542.7306,99139.8999
390,110,New England and North West,New South Wales,2357,3305.5418,99139.8999
391,110,New England and North West,New South Wales,2358,1905.5433,99139.8999
392,110,New England and North West,New South Wales,2359,1294.1139,99139.8999
393,110,New England and North West,New South Wales,2360,3385.2978,99139.8999
394,110,New England and North West,New South Wales,2361,1963.1502,99139.8999
395,110,New England and North West,New South Wales,2365,3804.6687,99139.8999
396,110,New England and North West,New South Wales,2369,347.5058,99139.8999
397,110,New England and North West,New South Wales,2370,4769.4223,99139.8999
398,110,New England and North West,New South Wales,2371,1900.6028,99139.8999
399,110,New England and North West,New South Wales,2372,4894.7861,99139.8999
400,110,New England and North West,New South Wales,2379,1114.41,99139.8999
401,110,New England and North West,New South Wales,2380,2089.1897,99139.8999
402,110,New England and North West,New South Wales,2381,2052.3174,99139.8999
403,110,New England and North West,New South Wales,2382,1826.3389,99139.8999
404,110,New England and North West,New South Wales,2386,1979.4029,99139.8999
405,110,New England and North West,New South Wales,2387,1388.5196,99139.8999
406,110,New England and North West,New South Wales,2388,6699.0871,99139.8999
407,110,New England and North West,New South Wales,2390,4217.1072,99139.8999
408,110,New England and North West,New South Wales,2396,1826.7503,99139.8999
409,110,New England and North West,New South Wales,2397,1694.9079,99139.8999
410,110,New England and North West,New South Wales,2398,953.5519,99139.8999
411,110,New England and North West,New South Wales,2399,806.3754,99139.8999
412,110,New England and North West,New South Wales,2400,7569.0088,99139.8999
413,110,New England and North West,New South Wales,2401,652.7933,99139.8999
414,110,New England and North West,New South Wales,2402,1631.0064,99139.8999
415,110,New England and North West,New South Wales,2403,1006.9407,99139.8999
416,110,New England and North West,New South Wales,2404,1992.4546,99139.8999
417,110,New England and North West,New South Wales,2405,3418.239,99139.8999
418,110,New England and North West,New South Wales,2406,3283.9561,99139.8999
419,110,New England and North West,New South Wales,2408,1561.154,99139.8999
420,110,New England and North West,New South Wales,2409,1607.1651,99139.8999
421,110,New England and North West,New South Wales,2410,1530.5927,99139.8999
422,110,New England and North West,New South Wales,2411,396.9284,99139.8999
423,110,New England and North West,New South Wales,2422,3212.5916,99139.8999
424,110,New England and North West,New South Wales,2424,881.6889,99139.8999
425,110,New England and North West,New South Wales,2440,3604.2396,99139.8999
426,110,New England and North West,New South Wales,2446,2233.1607,99139.8999
427,110,New England and North West,New South Wales,2453,2157.9951,99139.8999
428,110,New England and North West,New South Wales,2454,975.6046,99139.8999
429,110,New England and North West,New South Wales,2460,6630.3495,99139.8999
430,110,New England and North West,New South Wales,2469,3813.3747,99139.8999
431,110,New England and North West,New South Wales,2475,494.7232,99139.8999
432,110,New England and North West,New South Wales,2476,805.3354,99139.8999
433,110,New England and North West,New South Wales,2829,6318.8294,99139.8999
434,110,New England and North West,New South Wales,2833,5044.6803,99139.8999
435,110,New England and North West,New South Wales,2843,1590.9154,99139.8999
436,111,Newcastle and Lake Macquarie,New South Wales,2259,524.7348,870.5821
437,111,Newcastle and Lake Macquarie,New South Wales,2262,33.7717,870.5821
438,111,Newcastle and Lake Macquarie,New South Wales,2264,115.1942,870.5821
439,111,Newcastle and Lake Macquarie,New South Wales,2265,136.0018,870.5821
440,111,Newcastle and Lake Macquarie,New South Wales,2267,3.6556,870.5821
441,111,Newcastle and Lake Macquarie,New South Wales,2278,45.0568,870.5821
442,111,Newcastle and Lake Macquarie,New South Wales,2280,27.927,870.5821
443,111,Newcastle and Lake Macquarie,New South Wales,2281,30.9078,870.5821
444,111,Newcastle and Lake Macquarie,New South Wales,2282,11.2261,870.5821
445,111,Newcastle and Lake Macquarie,New South Wales,2283,59.2496,870.5821
446,111,Newcastle and Lake Macquarie,New South Wales,2284,24.2726,870.5821
447,111,Newcastle and Lake Macquarie,New South Wales,2285,32.3918,870.5821
448,111,Newcastle and Lake Macquarie,New South Wales,2286,25.2353,870.5821
449,111,Newcastle and Lake Macquarie,New South Wales,2287,38.0741,870.5821
450,111,Newcastle and Lake Macquarie,New South Wales,2289,11.413,870.5821
451,111,Newcastle and Lake Macquarie,New South Wales,2290,35.6998,870.5821
452,111,Newcastle and Lake Macquarie,New South Wales,2291,7.1942,870.5821
453,111,Newcastle and Lake Macquarie,New South Wales,2292,2.873,870.5821
454,111,Newcastle and Lake Macquarie,New South Wales,2293,1.326,870.5821
455,111,Newcastle and Lake Macquarie,New South Wales,2294,2.0392,870.5821
456,111,Newcastle and Lake Macquarie,New South Wales,2295,11.9768,870.5821
457,111,Newcastle and Lake Macquarie,New South Wales,2296,0.7062,870.5821
458,111,Newcastle and Lake Macquarie,New South Wales,2297,0.801,870.5821
459,111,Newcastle and Lake Macquarie,New South Wales,2298,4.0311,870.5821
460,111,Newcastle and Lake Macquarie,New South Wales,2299,5.2319,870.5821
461,111,Newcastle and Lake Macquarie,New South Wales,2300,3.4557,870.5821
462,111,Newcastle and Lake Macquarie,New South Wales,2302,0.8095,870.5821
463,111,Newcastle and Lake Macquarie,New South Wales,2303,3.0401,870.5821
464,111,Newcastle and Lake Macquarie,New South Wales,2304,39.3891,870.5821
465,111,Newcastle and Lake Macquarie,New South Wales,2305,8.894,870.5821
466,111,Newcastle and Lake Macquarie,New South Wales,2306,1.777,870.5821
467,111,Newcastle and Lake Macquarie,New South Wales,2307,6.5582,870.5821
468,111,Newcastle and Lake Macquarie,New South Wales,2308,1.7907,870.5821
469,111,Newcastle and Lake Macquarie,New South Wales,2318,259.5244,870.5821
470,111,Newcastle and Lake Macquarie,New South Wales,2322,168.2091,870.5821
471,111,Newcastle and Lake Macquarie,New South Wales,2323,207.9467,870.5821
472,111,Newcastle and Lake Macquarie,New South Wales,2324,627.1611,870.5821
473,111,Newcastle and Lake Macquarie,New South Wales,2325,1605.0648,870.5821
474,112,Richmond - Tweed,New South Wales,2372,4894.7861,10271.3201
475,112,Richmond - Tweed,New South Wales,2460,6630.3495,10271.3201
476,112,Richmond - Tweed,New South Wales,2463,549.2925,10271.3201
477,112,Richmond - Tweed,New South Wales,2469,3813.3747,10271.3201
478,112,Richmond - Tweed,New South Wales,2470,1256.5159,10271.3201
479,112,Richmond - Tweed,New South Wales,2471,442.1506,10271.3201
480,112,Richmond - Tweed,New South Wales,2472,466.4076,10271.3201
481,112,Richmond - Tweed,New South Wales,2473,31.366,10271.3201
482,112,Richmond - Tweed,New South Wales,2474,1537.5939,10271.3201
483,112,Richmond - Tweed,New South Wales,2475,494.7232,10271.3201
484,112,Richmond - Tweed,New South Wales,2476,805.3354,10271.3201
485,112,Richmond - Tweed,New South Wales,2477,227.642,10271.3201
486,112,Richmond - Tweed,New South Wales,2478,185.6804,10271.3201
487,112,Richmond - Tweed,New South Wales,2479,164.5709,10271.3201
488,112,Richmond - Tweed,New South Wales,2480,1369.4565,10271.3201
489,112,Richmond - Tweed,New South Wales,2481,131.029,10271.3201
490,112,Richmond - Tweed,New South Wales,2482,180.2681,10271.3201
491,112,Richmond - Tweed,New South Wales,2483,182.7314,10271.3201
492,112,Richmond - Tweed,New South Wales,2484,972.2983,10271.3201
493,112,Richmond - Tweed,New South Wales,2485,13.73,10271.3201
494,112,Richmond - Tweed,New South Wales,2486,100.3781,10271.3201
495,112,Richmond - Tweed,New South Wales,2487,66.6066,10271.3201
496,112,Richmond - Tweed,New South Wales,2488,13.626,10271.3201
497,112,Richmond - Tweed,New South Wales,2489,14.5419,10271.3201
498,112,Richmond - Tweed,New South Wales,2490,22.4375,10271.3201
499,113,Riverina,New South Wales,2582,3130.1184,56984.9805
500,113,Riverina,New South Wales,2587,921.8587,56984.9805
501,113,Riverina,New South Wales,2588,218.0548,56984.9805
502,113,Riverina,New South Wales,2590,1320.4637,56984.9805
503,113,Riverina,New South Wales,2594,2418.7155,56984.9805
504,113,Riverina,New South Wales,2611,1558.6312,56984.9805
505,113,Riverina,New South Wales,2620,2869.8201,56984.9805
506,113,Riverina,New South Wales,2624,348.5647,56984.9805
507,113,Riverina,New South Wales,2627,1994.6112,56984.9805
508,113,Riverina,New South Wales,2628,2337.0094,56984.9805
509,113,Riverina,New South Wales,2629,2054.5144,56984.9805
510,113,Riverina,New South Wales,2640,1029.4042,56984.9805
511,113,Riverina,New South Wales,2642,4076.8,56984.9805
512,113,Riverina,New South Wales,2644,2157.7365,56984.9805
513,113,Riverina,New South Wales,2645,1181.6879,56984.9805
514,113,Riverina,New South Wales,2649,247.113,56984.9805
515,113,Riverina,New South Wales,2650,4061.238,56984.9805
516,113,Riverina,New South Wales,2651,34.62,56984.9805
517,113,Riverina,New South Wales,2652,6116.1137,56984.9805
518,113,Riverina,New South Wales,2653,1228.8205,56984.9805
519,113,Riverina,New South Wales,2655,427.2763,56984.9805
520,113,Riverina,New South Wales,2656,1497.1368,56984.9805
521,113,Riverina,New South Wales,2658,748.0545,56984.9805
522,113,Riverina,New South Wales,2659,367.5445,56984.9805
523,113,Riverina,New South Wales,2661,14.7623,56984.9805
524,113,Riverina,New South Wales,2663,492.6429,56984.9805
525,113,Riverina,New South Wales,2665,4109.6274,56984.9805
526,113,Riverina,New South Wales,2666,2462.5855,56984.9805
527,113,Riverina,New South Wales,2668,708.1132,56984.9805
528,113,Riverina,New South Wales,2669,6295.346,56984.9805
529,113,Riverina,New South Wales,2672,1794.2389,56984.9805
530,113,Riverina,New South Wales,2675,8518.5583,56984.9805
531,113,Riverina,New South Wales,2678,3.5099,56984.9805
532,113,Riverina,New South Wales,2680,1894.4513,56984.9805
533,113,Riverina,New South Wales,2681,471.7587,56984.9805
534,113,Riverina,New South Wales,2700,3016.2983,56984.9805
535,113,Riverina,New South Wales,2701,852.1158,56984.9805
536,113,Riverina,New South Wales,2702,439.8686,56984.9805
537,113,Riverina,New South Wales,2703,56.8879,56984.9805
538,113,Riverina,New South Wales,2705,1129.1529,56984.9805
539,113,Riverina,New South Wales,2706,725.4016,56984.9805
540,113,Riverina,New South Wales,2707,2112.3439,56984.9805
541,113,Riverina,New South Wales,2710,10466.1631,56984.9805
542,113,Riverina,New South Wales,2711,24180.255,56984.9805
543,113,Riverina,New South Wales,2716,2861.8271,56984.9805
544,113,Riverina,New South Wales,2720,2485.6548,56984.9805
545,113,Riverina,New South Wales,2721,539.5029,56984.9805
546,113,Riverina,New South Wales,2722,1576.1373,56984.9805
547,113,Riverina,New South Wales,2725,262.3734,56984.9805
548,113,Riverina,New South Wales,2726,160.6689,56984.9805
549,113,Riverina,New South Wales,2727,772.9227,56984.9805
550,113,Riverina,New South Wales,2729,933.1202,56984.9805
551,113,Riverina,New South Wales,2730,420.4856,56984.9805
552,113,Riverina,New South Wales,2835,29975.1826,56984.9805
553,113,Riverina,New South Wales,2877,15332.1603,56984.9805
554,113,Riverina,New South Wales,2878,18261.1234,56984.9805
555,114,Southern Highlands and Shoalhaven,New South Wales,2527,96.0646,6704.9619
556,114,Southern Highlands and Shoalhaven,New South Wales,2533,106.4039,6704.9619
557,114,Southern Highlands and Shoalhaven,New South Wales,2534,76.2287,6704.9619
558,114,Southern Highlands and Shoalhaven,New South Wales,2535,247.9753,6704.9619
559,114,Southern Highlands and Shoalhaven,New South Wales,2536,974.8377,6704.9619
560,114,Southern Highlands and Shoalhaven,New South Wales,2538,390.494,6704.9619
561,114,Southern Highlands and Shoalhaven,New South Wales,2539,686.0289,6704.9619
562,114,Southern Highlands and Shoalhaven,New South Wales,2540,1900.6655,6704.9619
563,114,Southern Highlands and Shoalhaven,New South Wales,2541,45.432,6704.9619
564,114,Southern Highlands and Shoalhaven,New South Wales,2571,250.2842,6704.9619
565,114,Southern Highlands and Shoalhaven,New South Wales,2572,106.1734,6704.9619
566,114,Southern Highlands and Shoalhaven,New South Wales,2574,350.23,6704.9619
567,114,Southern Highlands and Shoalhaven,New South Wales,2575,981.4743,6704.9619
568,114,Southern Highlands and Shoalhaven,New South Wales,2576,174.2442,6704.9619
569,114,Southern Highlands and Shoalhaven,New South Wales,2577,1312.519,6704.9619
570,114,Southern Highlands and Shoalhaven,New South Wales,2578,47.9223,6704.9619
571,114,Southern Highlands and Shoalhaven,New South Wales,2579,860.117,6704.9619
572,114,Southern Highlands and Shoalhaven,New South Wales,2580,5512.6655,6704.9619
573,114,Southern Highlands and Shoalhaven,New South Wales,2622,4256.1145,6704.9619
574,114,Southern Highlands and Shoalhaven,New South Wales,2787,4632.7818,6704.9619
575,115,Sydney - Baulkham Hills and Hawkesbury,New South Wales,2077,22.8664,3251.4981
576,115,Sydney - Baulkham Hills and Hawkesbury,New South Wales,2080,10.5767,3251.4981
577,115,Sydney - Baulkham Hills and Hawkesbury,New South Wales,2082,9.6876,3251.4981
578,115,Sydney - Baulkham Hills and Hawkesbury,New South Wales,2118,8.5068,3251.4981
579,115,Sydney - Baulkham Hills and Hawkesbury,New South Wales,2119,6.7407,3251.4981
580,115,Sydney - Baulkham Hills and Hawkesbury,New South Wales,2120,13.8137,3251.4981
581,115,Sydney - Baulkham Hills and Hawkesbury,New South Wales,2125,9.2916,3251.4981
582,115,Sydney - Baulkham Hills and Hawkesbury,New South Wales,2126,8.2603,3251.4981
583,115,Sydney - Baulkham Hills and Hawkesbury,New South Wales,2147,15.9973,3251.4981
584,115,Sydney - Baulkham Hills and Hawkesbury,New South Wales,2151,10.7334,3251.4981
585,115,Sydney - Baulkham Hills and Hawkesbury,New South Wales,2152,4.2857,3251.4981
586,115,Sydney - Baulkham Hills and Hawkesbury,New South Wales,2153,25.5852,3251.4981
587,115,Sydney - Baulkham Hills and Hawkesbury,New South Wales,2154,18.8102,3251.4981
588,115,Sydney - Baulkham Hills and Hawkesbury,New South Wales,2155,36.388,3251.4981
589,115,Sydney - Baulkham Hills and Hawkesbury,New South Wales,2156,62.9548,3251.4981
590,115,Sydney - Baulkham Hills and Hawkesbury,New South Wales,2157,148.4858,3251.4981
591,115,Sydney - Baulkham Hills and Hawkesbury,New South Wales,2158,41.7948,3251.4981
592,115,Sydney - Baulkham Hills and Hawkesbury,New South Wales,2159,127.4464,3251.4981
593,115,Sydney - Baulkham Hills and Hawkesbury,New South Wales,2250,691.6342,3251.4981
594,115,Sydney - Baulkham Hills and Hawkesbury,New South Wales,2325,1605.0648,3251.4981
595,115,Sydney - Baulkham Hills and Hawkesbury,New South Wales,2330,4730.8949,3251.4981
596,115,Sydney - Baulkham Hills and Hawkesbury,New South Wales,2753,169.4419,3251.4981
597,115,Sydney - Baulkham Hills and Hawkesbury,New South Wales,2754,34.3251,3251.4981
598,115,Sydney - Baulkham Hills and Hawkesbury,New South Wales,2756,1486.8709,3251.4981
599,115,Sydney - Baulkham Hills and Hawkesbury,New South Wales,2757,8.3269,3251.4981
600,115,Sydney - Baulkham Hills and Hawkesbury,New South Wales,2758,572.1443,3251.4981
601,115,Sydney - Baulkham Hills and Hawkesbury,New South Wales,2765,127.5271,3251.4981
602,115,Sydney - Baulkham Hills and Hawkesbury,New South Wales,2768,9.0194,3251.4981
603,115,Sydney - Baulkham Hills and Hawkesbury,New South Wales,2775,833.1402,3251.4981
604,115,Sydney - Baulkham Hills and Hawkesbury,New South Wales,2786,84.7603,3251.4981
605,115,Sydney - Baulkham Hills and Hawkesbury,New South Wales,2787,4632.7818,3251.4981
606,115,Sydney - Baulkham Hills and Hawkesbury,New South Wales,2790,2481.3231,3251.4981
607,115,Sydney - Baulkham Hills and Hawkesbury,New South Wales,2849,2801.0405,3251.4981
608,116,Sydney - Blacktown,New South Wales,2145,27.5671,240.8835
609,116,Sydney - Blacktown,New South Wales,2146,6.0077,240.8835
610,116,Sydney - Blacktown,New South Wales,2147,15.9973,240.8835
611,116,Sydney - Blacktown,New South Wales,2148,37.6817,240.8835
612,116,Sydney - Blacktown,New South Wales,2153,25.5852,240.8835
613,116,Sydney - Blacktown,New South Wales,2155,36.388,240.8835
614,116,Sydney - Blacktown,New South Wales,2164,20.5159,240.8835
615,116,Sydney - Blacktown,New South Wales,2175,21.9683,240.8835
616,116,Sydney - Blacktown,New South Wales,2178,54.3241,240.8835
617,116,Sydney - Blacktown,New South Wales,2747,55.0667,240.8835
618,116,Sydney - Blacktown,New South Wales,2756,1486.8709,240.8835
619,116,Sydney - Blacktown,New South Wales,2759,15.5979,240.8835
620,116,Sydney - Blacktown,New South Wales,2760,19.9308,240.8835
621,116,Sydney - Blacktown,New South Wales,2761,14.7648,240.8835
622,116,Sydney - Blacktown,New South Wales,2762,12.5171,240.8835
623,116,Sydney - Blacktown,New South Wales,2763,13.0157,240.8835
624,116,Sydney - Blacktown,New South Wales,2765,127.5271,240.8835
625,116,Sydney - Blacktown,New South Wales,2766,27.2383,240.8835
626,116,Sydney - Blacktown,New South Wales,2767,10.1088,240.8835
627,116,Sydney - Blacktown,New South Wales,2768,9.0194,240.8835
628,116,Sydney - Blacktown,New South Wales,2769,4.6534,240.8835
629,116,Sydney - Blacktown,New South Wales,2770,24.7303,240.8835
630,117,Sydney - City and Inner South,New South Wales,2000,4.2871,66.1035
631,117,Sydney - City and Inner South,New South Wales,2007,0.5588,66.1035
632,117,Sydney - City and Inner South,New South Wales,2008,0.845,66.1035
633,117,Sydney - City and Inner South,New South Wales,2009,0.9299,66.1035
634,117,Sydney - City and Inner South,New South Wales,2010,2.1733,66.1035
635,117,Sydney - City and Inner South,New South Wales,2011,1.4054,66.1035
636,117,Sydney - City and Inner South,New South Wales,2015,4.2157,66.1035
637,117,Sydney - City and Inner South,New South Wales,2016,1.1717,66.1035
638,117,Sydney - City and Inner South,New South Wales,2017,1.9386,66.1035
639,117,Sydney - City and Inner South,New South Wales,2018,3.9305,66.1035
640,117,Sydney - City and Inner South,New South Wales,2019,7.3691,66.1035
641,117,Sydney - City and Inner South,New South Wales,2020,11.9607,66.1035
642,117,Sydney - City and Inner South,New South Wales,2021,5.7186,66.1035
643,117,Sydney - City and Inner South,New South Wales,2027,1.3761,66.1035
644,117,Sydney - City and Inner South,New South Wales,2032,2.475,66.1035
645,117,Sydney - City and Inner South,New South Wales,2033,2.6691,66.1035
646,117,Sydney - City and Inner South,New South Wales,2035,8.1207,66.1035
647,117,Sydney - City and Inner South,New South Wales,2036,15.7131,66.1035
648,117,Sydney - City and Inner South,New South Wales,2037,2.1374,66.1035
649,117,Sydney - City and Inner South,New South Wales,2038,1.4931,66.1035
650,117,Sydney - City and Inner South,New South Wales,2040,4.754,66.1035
651,117,Sydney - City and Inner South,New South Wales,2041,2.4666,66.1035
652,117,Sydney - City and Inner South,New South Wales,2042,2.0446,66.1035
653,117,Sydney - City and Inner South,New South Wales,2043,0.8075,66.1035
654,117,Sydney - City and Inner South,New South Wales,2044,3.8539,66.1035
655,117,Sydney - City and Inner South,New South Wales,2048,1.218,66.1035
656,117,Sydney - City and Inner South,New South Wales,2049,1.929,66.1035
657,117,Sydney - City and Inner South,New South Wales,2050,1.5031,66.1035
658,117,Sydney - City and Inner South,New South Wales,2203,2.0929,66.1035
659,117,Sydney - City and Inner South,New South Wales,2204,5.7904,66.1035
660,117,Sydney - City and Inner South,New South Wales,2205,4.244,66.1035
661,117,Sydney - City and Inner South,New South Wales,2206,5.9786,66.1035
662,117,Sydney - City and Inner South,New South Wales,2216,5.5962,66.1035
663,118,Sydney - Eastern Suburbs,New South Wales,2010,2.1733,57.7342
664,118,Sydney - Eastern Suburbs,New South Wales,2011,1.4054,57.7342
665,118,Sydney - Eastern Suburbs,New South Wales,2016,1.1717,57.7342
666,118,Sydney - Eastern Suburbs,New South Wales,2017,1.9386,57.7342
667,118,Sydney - Eastern Suburbs,New South Wales,2018,3.9305,57.7342
668,118,Sydney - Eastern Suburbs,New South Wales,2019,7.3691,57.7342
669,118,Sydney - Eastern Suburbs,New South Wales,2021,5.7186,57.7342
670,118,Sydney - Eastern Suburbs,New South Wales,2022,1.9228,57.7342
671,118,Sydney - Eastern Suburbs,New South Wales,2023,2.3731,57.7342
672,118,Sydney - Eastern Suburbs,New South Wales,2024,1.9321,57.7342
673,118,Sydney - Eastern Suburbs,New South Wales,2025,1.2307,57.7342
674,118,Sydney - Eastern Suburbs,New South Wales,2026,3.6477,57.7342
675,118,Sydney - Eastern Suburbs,New South Wales,2027,1.3761,57.7342
676,118,Sydney - Eastern Suburbs,New South Wales,2028,0.7929,57.7342
677,118,Sydney - Eastern Suburbs,New South Wales,2029,2.5286,57.7342
678,118,Sydney - Eastern Suburbs,New South Wales,2030,4.6636,57.7342
679,118,Sydney - Eastern Suburbs,New South Wales,2031,6.094,57.7342
680,118,Sydney - Eastern Suburbs,New South Wales,2032,2.475,57.7342
681,118,Sydney - Eastern Suburbs,New South Wales,2033,2.6691,57.7342
682,118,Sydney - Eastern Suburbs,New South Wales,2034,3.0497,57.7342
683,118,Sydney - Eastern Suburbs,New South Wales,2035,8.1207,57.7342
684,118,Sydney - Eastern Suburbs,New South Wales,2036,15.7131,57.7342
685,119,Sydney - Inner South West,New South Wales,2020,11.9607,163.9272
686,119,Sydney - Inner South West,New South Wales,2044,3.8539,163.9272
687,119,Sydney - Inner South West,New South Wales,2133,2.5503,163.9272
688,119,Sydney - Inner South West,New South Wales,2135,6.5375,163.9272
689,119,Sydney - Inner South West,New South Wales,2136,3.4638,163.9272
690,119,Sydney - Inner South West,New South Wales,2141,11.9359,163.9272
691,119,Sydney - Inner South West,New South Wales,2143,4.3104,163.9272
692,119,Sydney - Inner South West,New South Wales,2162,5.7908,163.9272
693,119,Sydney - Inner South West,New South Wales,2163,6.3533,163.9272
694,119,Sydney - Inner South West,New South Wales,2166,15.2543,163.9272
695,119,Sydney - Inner South West,New South Wales,2170,54.319,163.9272
696,119,Sydney - Inner South West,New South Wales,2172,3.6787,163.9272
697,119,Sydney - Inner South West,New South Wales,2190,9.7772,163.9272
698,119,Sydney - Inner South West,New South Wales,2191,1.7826,163.9272
699,119,Sydney - Inner South West,New South Wales,2192,2.731,163.9272
700,119,Sydney - Inner South West,New South Wales,2193,4.1963,163.9272
701,119,Sydney - Inner South West,New South Wales,2194,3.3734,163.9272
702,119,Sydney - Inner South West,New South Wales,2195,3.5488,163.9272
703,119,Sydney - Inner South West,New South Wales,2196,7.0679,163.9272
704,119,Sydney - Inner South West,New South Wales,2197,2.9286,163.9272
705,119,Sydney - Inner South West,New South Wales,2198,3.3233,163.9272
706,119,Sydney - Inner South West,New South Wales,2199,4.6181,163.9272
707,119,Sydney - Inner South West,New South Wales,2200,13.9792,163.9272
708,119,Sydney - Inner South West,New South Wales,2203,2.0929,163.9272
709,119,Sydney - Inner South West,New South Wales,2204,5.7904,163.9272
710,119,Sydney - Inner South West,New South Wales,2205,4.244,163.9272
711,119,Sydney - Inner South West,New South Wales,2206,5.9786,163.9272
712,119,Sydney - Inner South West,New South Wales,2207,7.1852,163.9272
713,119,Sydney - Inner South West,New South Wales,2208,4.459,163.9272
714,119,Sydney - Inner South West,New South Wales,2209,4.2502,163.9272
715,119,Sydney - Inner South West,New South Wales,2210,11.0963,163.9272
716,119,Sydney - Inner South West,New South Wales,2211,7.3323,163.9272
717,119,Sydney - Inner South West,New South Wales,2212,6.4088,163.9272
718,119,Sydney - Inner South West,New South Wales,2213,10.0369,163.9272
719,119,Sydney - Inner South West,New South Wales,2214,5.3711,163.9272
720,119,Sydney - Inner South West,New South Wales,2216,5.5962,163.9272
721,119,Sydney - Inner South West,New South Wales,2217,6.2487,163.9272
722,119,Sydney - Inner South West,New South Wales,2218,2.6615,163.9272
723,119,Sydney - Inner South West,New South Wales,2219,3.7807,163.9272
724,119,Sydney - Inner South West,New South Wales,2220,5.144,163.9272
725,119,Sydney - Inner South West,New South Wales,2221,5.3796,163.9272
726,119,Sydney - Inner South West,New South Wales,2222,2.5457,163.9272
727,119,Sydney - Inner South West,New South Wales,2223,7.253,163.9272
728,119,Sydney - Inner South West,New South Wales,2234,39.7248,163.9272
729,120,Sydney - Inner West,New South Wales,2037,2.1374,64.5491
730,120,Sydney - Inner West,New South Wales,2038,1.4931,64.5491
731,120,Sydney - Inner West,New South Wales,2039,1.8337,64.5491
732,120,Sydney - Inner West,New South Wales,2040,4.754,64.5491
733,120,Sydney - Inner West,New South Wales,2041,2.4666,64.5491
734,120,Sydney - Inner West,New South Wales,2045,2.3828,64.5491
735,120,Sydney - Inner West,New South Wales,2046,6.0148,64.5491
736,120,Sydney - Inner West,New South Wales,2047,2.3101,64.5491
737,120,Sydney - Inner West,New South Wales,2048,1.218,64.5491
738,120,Sydney - Inner West,New South Wales,2049,1.929,64.5491
739,120,Sydney - Inner West,New South Wales,2050,1.5031,64.5491
740,120,Sydney - Inner West,New South Wales,2110,4.3304,64.5491
741,120,Sydney - Inner West,New South Wales,2127,8.1408,64.5491
742,120,Sydney - Inner West,New South Wales,2130,1.2031,64.5491
743,120,Sydney - Inner West,New South Wales,2131,3.4144,64.5491
744,120,Sydney - Inner West,New South Wales,2132,2.4354,64.5491
745,120,Sydney - Inner West,New South Wales,2133,2.5503,64.5491
746,120,Sydney - Inner West,New South Wales,2134,2.4456,64.5491
747,120,Sydney - Inner West,New South Wales,2135,6.5375,64.5491
748,120,Sydney - Inner West,New South Wales,2136,3.4638,64.5491
749,120,Sydney - Inner West,New South Wales,2137,7.3557,64.5491
750,120,Sydney - Inner West,New South Wales,2138,3.7811,64.5491
751,120,Sydney - Inner West,New South Wales,2140,3.7487,64.5491
752,120,Sydney - Inner West,New South Wales,2141,11.9359,64.5491
753,120,Sydney - Inner West,New South Wales,2190,9.7772,64.5491
754,120,Sydney - Inner West,New South Wales,2191,1.7826,64.5491
755,120,Sydney - Inner West,New South Wales,2193,4.1963,64.5491
756,120,Sydney - Inner West,New South Wales,2194,3.3734,64.5491
757,120,Sydney - Inner West,New South Wales,2203,2.0929,64.5491
758,120,Sydney - Inner West,New South Wales,2204,5.7904,64.5491
759,120,Sydney - Inner West,New South Wales,2206,5.9786,64.5491
760,121,Sydney - North Sydney and Hornsby,New South Wales,2060,2.6912,275.0994
761,121,Sydney - North Sydney and Hornsby,New South Wales,2061,0.6316,275.0994
762,121,Sydney - North Sydney and Hornsby,New South Wales,2062,1.5527,275.0994
763,121,Sydney - North Sydney and Hornsby,New South Wales,2063,2.7281,275.0994
764,121,Sydney - North Sydney and Hornsby,New South Wales,2064,2.5348,275.0994
765,121,Sydney - North Sydney and Hornsby,New South Wales,2065,5.6781,275.0994
766,121,Sydney - North Sydney and Hornsby,New South Wales,2066,9.5786,275.0994
767,121,Sydney - North Sydney and Hornsby,New South Wales,2067,5.8196,275.0994
768,121,Sydney - North Sydney and Hornsby,New South Wales,2068,5.6655,275.0994
769,121,Sydney - North Sydney and Hornsby,New South Wales,2069,7.5302,275.0994
770,121,Sydney - North Sydney and Hornsby,New South Wales,2070,7.4617,275.0994
771,121,Sydney - North Sydney and Hornsby,New South Wales,2071,7.8221,275.0994
772,121,Sydney - North Sydney and Hornsby,New South Wales,2072,3.7885,275.0994
773,121,Sydney - North Sydney and Hornsby,New South Wales,2073,10.2515,275.0994
774,121,Sydney - North Sydney and Hornsby,New South Wales,2074,22.0151,275.0994
775,121,Sydney - North Sydney and Hornsby,New South Wales,2075,17.7425,275.0994
776,121,Sydney - North Sydney and Hornsby,New South Wales,2076,15.8484,275.0994
777,121,Sydney - North Sydney and Hornsby,New South Wales,2077,22.8664,275.0994
778,121,Sydney - North Sydney and Hornsby,New South Wales,2079,11.0623,275.0994
779,121,Sydney - North Sydney and Hornsby,New South Wales,2080,10.5767,275.0994
780,121,Sydney - North Sydney and Hornsby,New South Wales,2081,40.1939,275.0994
781,121,Sydney - North Sydney and Hornsby,New South Wales,2082,9.6876,275.0994
782,121,Sydney - North Sydney and Hornsby,New South Wales,2083,45.774,275.0994
783,121,Sydney - North Sydney and Hornsby,New South Wales,2084,107.3731,275.0994
784,121,Sydney - North Sydney and Hornsby,New South Wales,2085,16.0513,275.0994
785,121,Sydney - North Sydney and Hornsby,New South Wales,2086,8.0742,275.0994
786,121,Sydney - North Sydney and Hornsby,New South Wales,2087,8.9311,275.0994
787,121,Sydney - North Sydney and Hornsby,New South Wales,2088,8.6503,275.0994
788,121,Sydney - North Sydney and Hornsby,New South Wales,2089,1.5036,275.0994
789,121,Sydney - North Sydney and Hornsby,New South Wales,2090,2.0654,275.0994
790,121,Sydney - North Sydney and Hornsby,New South Wales,2113,13.2159,275.0994
791,121,Sydney - North Sydney and Hornsby,New South Wales,2120,13.8137,275.0994
792,121,Sydney - North Sydney and Hornsby,New South Wales,2121,9.2015,275.0994
793,121,Sydney - North Sydney and Hornsby,New South Wales,2122,9.0576,275.0994
794,121,Sydney - North Sydney and Hornsby,New South Wales,2126,8.2603,275.0994
795,121,Sydney - North Sydney and Hornsby,New South Wales,2158,41.7948,275.0994
796,121,Sydney - North Sydney and Hornsby,New South Wales,2159,127.4464,275.0994
797,122,Sydney - Northern Beaches,New South Wales,2069,7.5302,254.2072
798,122,Sydney - Northern Beaches,New South Wales,2070,7.4617,254.2072
799,122,Sydney - Northern Beaches,New South Wales,2071,7.8221,254.2072
800,122,Sydney - Northern Beaches,New South Wales,2074,22.0151,254.2072
801,122,Sydney - Northern Beaches,New South Wales,2075,17.7425,254.2072
802,122,Sydney - Northern Beaches,New South Wales,2084,107.3731,254.2072
803,122,Sydney - Northern Beaches,New South Wales,2085,16.0513,254.2072
804,122,Sydney - Northern Beaches,New South Wales,2086,8.0742,254.2072
805,122,Sydney - Northern Beaches,New South Wales,2087,8.9311,254.2072
806,122,Sydney - Northern Beaches,New South Wales,2092,3.1079,254.2072
807,122,Sydney - Northern Beaches,New South Wales,2093,7.529,254.2072
808,122,Sydney - Northern Beaches,New South Wales,2094,1.1683,254.2072
809,122,Sydney - Northern Beaches,New South Wales,2095,5.5668,254.2072
810,122,Sydney - Northern Beaches,New South Wales,2096,3.4532,254.2072
811,122,Sydney - Northern Beaches,New South Wales,2097,4.7508,254.2072
812,122,Sydney - Northern Beaches,New South Wales,2099,18.7149,254.2072
813,122,Sydney - Northern Beaches,New South Wales,2100,13.4698,254.2072
814,122,Sydney - Northern Beaches,New South Wales,2101,26.6694,254.2072
815,122,Sydney - Northern Beaches,New South Wales,2102,4.136,254.2072
816,122,Sydney - Northern Beaches,New South Wales,2103,4.6646,254.2072
817,122,Sydney - Northern Beaches,New South Wales,2104,3.7163,254.2072
818,122,Sydney - Northern Beaches,New South Wales,2105,2.1888,254.2072
819,122,Sydney - Northern Beaches,New South Wales,2106,3.8119,254.2072
820,122,Sydney - Northern Beaches,New South Wales,2107,7.8756,254.2072
821,122,Sydney - Northern Beaches,New South Wales,2108,2.9542,254.2072
822,123,Sydney - Outer South West,New South Wales,2167,6.9946,1277.2421
823,123,Sydney - Outer South West,New South Wales,2170,54.319,1277.2421
824,123,Sydney - Outer South West,New South Wales,2173,192.8683,1277.2421
825,123,Sydney - Outer South West,New South Wales,2174,6.0563,1277.2421
826,123,Sydney - Outer South West,New South Wales,2179,36.53,1277.2421
827,123,Sydney - Outer South West,New South Wales,2233,40.831,1277.2421
828,123,Sydney - Outer South West,New South Wales,2234,39.7248,1277.2421
829,123,Sydney - Outer South West,New South Wales,2508,162.241,1277.2421
830,123,Sydney - Outer South West,New South Wales,2557,37.1205,1277.2421
831,123,Sydney - Outer South West,New South Wales,2558,7.6039,1277.2421
832,123,Sydney - Outer South West,New South Wales,2559,4.3495,1277.2421
833,123,Sydney - Outer South West,New South Wales,2560,411.3136,1277.2421
834,123,Sydney - Outer South West,New South Wales,2563,11.5603,1277.2421
835,123,Sydney - Outer South West,New South Wales,2564,9.0236,1277.2421
836,123,Sydney - Outer South West,New South Wales,2565,29.7009,1277.2421
837,123,Sydney - Outer South West,New South Wales,2566,28.3019,1277.2421
838,123,Sydney - Outer South West,New South Wales,2567,31.1557,1277.2421
839,123,Sydney - Outer South West,New South Wales,2568,34.0936,1277.2421
840,123,Sydney - Outer South West,New South Wales,2569,26.7707,1277.2421
841,123,Sydney - Outer South West,New South Wales,2570,469.0775,1277.2421
842,123,Sydney - Outer South West,New South Wales,2571,250.2842,1277.2421
843,123,Sydney - Outer South West,New South Wales,2572,106.1734,1277.2421
844,123,Sydney - Outer South West,New South Wales,2573,16.9784,1277.2421
845,123,Sydney - Outer South West,New South Wales,2574,350.23,1277.2421
846,123,Sydney - Outer South West,New South Wales,2575,981.4743,1277.2421
847,123,Sydney - Outer South West,New South Wales,2745,168.7608,1277.2421
848,123,Sydney - Outer South West,New South Wales,2752,53.5688,1277.2421
849,123,Sydney - Outer South West,New South Wales,2787,4632.7818,1277.2421
850,124,Sydney - Outer West and Blue Mountains,New South Wales,2175,21.9683,3968.1294
851,124,Sydney - Outer West and Blue Mountains,New South Wales,2178,54.3241,3968.1294
852,124,Sydney - Outer West and Blue Mountains,New South Wales,2555,26.981,3968.1294
853,124,Sydney - Outer West and Blue Mountains,New South Wales,2570,469.0775,3968.1294
854,124,Sydney - Outer West and Blue Mountains,New South Wales,2572,106.1734,3968.1294
855,124,Sydney - Outer West and Blue Mountains,New South Wales,2575,981.4743,3968.1294
856,124,Sydney - Outer West and Blue Mountains,New South Wales,2580,5512.6655,3968.1294
857,124,Sydney - Outer West and Blue Mountains,New South Wales,2745,168.7608,3968.1294
858,124,Sydney - Outer West and Blue Mountains,New South Wales,2747,55.0667,3968.1294
859,124,Sydney - Outer West and Blue Mountains,New South Wales,2748,43.0734,3968.1294
860,124,Sydney - Outer West and Blue Mountains,New South Wales,2749,47.0936,3968.1294
861,124,Sydney - Outer West and Blue Mountains,New South Wales,2750,35.3705,3968.1294
862,124,Sydney - Outer West and Blue Mountains,New South Wales,2752,53.5688,3968.1294
863,124,Sydney - Outer West and Blue Mountains,New South Wales,2753,169.4419,3968.1294
864,124,Sydney - Outer West and Blue Mountains,New South Wales,2754,34.3251,3968.1294
865,124,Sydney - Outer West and Blue Mountains,New South Wales,2756,1486.8709,3968.1294
866,124,Sydney - Outer West and Blue Mountains,New South Wales,2757,8.3269,3968.1294
867,124,Sydney - Outer West and Blue Mountains,New South Wales,2758,572.1443,3968.1294
868,124,Sydney - Outer West and Blue Mountains,New South Wales,2759,15.5979,3968.1294
869,124,Sydney - Outer West and Blue Mountains,New South Wales,2760,19.9308,3968.1294
870,124,Sydney - Outer West and Blue Mountains,New South Wales,2765,127.5271,3968.1294
871,124,Sydney - Outer West and Blue Mountains,New South Wales,2766,27.2383,3968.1294
872,124,Sydney - Outer West and Blue Mountains,New South Wales,2770,24.7303,3968.1294
873,124,Sydney - Outer West and Blue Mountains,New South Wales,2773,8.3936,3968.1294
874,124,Sydney - Outer West and Blue Mountains,New South Wales,2774,21.2999,3968.1294
875,124,Sydney - Outer West and Blue Mountains,New South Wales,2776,14.932,3968.1294
876,124,Sydney - Outer West and Blue Mountains,New South Wales,2777,54.7327,3968.1294
877,124,Sydney - Outer West and Blue Mountains,New South Wales,2778,20.9602,3968.1294
878,124,Sydney - Outer West and Blue Mountains,New South Wales,2779,12.4995,3968.1294
879,124,Sydney - Outer West and Blue Mountains,New South Wales,2780,38.4603,3968.1294
880,124,Sydney - Outer West and Blue Mountains,New South Wales,2782,21.0358,3968.1294
881,124,Sydney - Outer West and Blue Mountains,New South Wales,2783,7.2887,3968.1294
882,124,Sydney - Outer West and Blue Mountains,New South Wales,2784,6.1389,3968.1294
883,124,Sydney - Outer West and Blue Mountains,New South Wales,2785,128.6447,3968.1294
884,124,Sydney - Outer West and Blue Mountains,New South Wales,2786,84.7603,3968.1294
885,124,Sydney - Outer West and Blue Mountains,New South Wales,2787,4632.7818,3968.1294
886,124,Sydney - Outer West and Blue Mountains,New South Wales,2790,2481.3231,3968.1294
887,125,Sydney - Parramatta,New South Wales,2114,7.3639,162.835
888,125,Sydney - Parramatta,New South Wales,2115,3.9347,162.835
889,125,Sydney - Parramatta,New South Wales,2116,3.7975,162.835
890,125,Sydney - Parramatta,New South Wales,2117,7.1268,162.835
891,125,Sydney - Parramatta,New South Wales,2118,8.5068,162.835
892,125,Sydney - Parramatta,New South Wales,2119,6.7407,162.835
893,125,Sydney - Parramatta,New South Wales,2121,9.2015,162.835
894,125,Sydney - Parramatta,New South Wales,2122,9.0576,162.835
895,125,Sydney - Parramatta,New South Wales,2125,9.2916,162.835
896,125,Sydney - Parramatta,New South Wales,2127,8.1408,162.835
897,125,Sydney - Parramatta,New South Wales,2128,2.7,162.835
898,125,Sydney - Parramatta,New South Wales,2135,6.5375,162.835
899,125,Sydney - Parramatta,New South Wales,2138,3.7811,162.835
900,125,Sydney - Parramatta,New South Wales,2140,3.7487,162.835
901,125,Sydney - Parramatta,New South Wales,2141,11.9359,162.835
902,125,Sydney - Parramatta,New South Wales,2142,10.9833,162.835
903,125,Sydney - Parramatta,New South Wales,2143,4.3104,162.835
904,125,Sydney - Parramatta,New South Wales,2144,8.5637,162.835
905,125,Sydney - Parramatta,New South Wales,2145,27.5671,162.835
906,125,Sydney - Parramatta,New South Wales,2146,6.0077,162.835
907,125,Sydney - Parramatta,New South Wales,2147,15.9973,162.835
908,125,Sydney - Parramatta,New South Wales,2148,37.6817,162.835
909,125,Sydney - Parramatta,New South Wales,2150,5.8687,162.835
910,125,Sydney - Parramatta,New South Wales,2151,10.7334,162.835
911,125,Sydney - Parramatta,New South Wales,2152,4.2857,162.835
912,125,Sydney - Parramatta,New South Wales,2153,25.5852,162.835
913,125,Sydney - Parramatta,New South Wales,2160,8.4346,162.835
914,125,Sydney - Parramatta,New South Wales,2161,11.2122,162.835
915,125,Sydney - Parramatta,New South Wales,2162,5.7908,162.835
916,125,Sydney - Parramatta,New South Wales,2163,6.3533,162.835
917,125,Sydney - Parramatta,New South Wales,2164,20.5159,162.835
918,125,Sydney - Parramatta,New South Wales,2165,11.12,162.835
919,125,Sydney - Parramatta,New South Wales,2166,15.2543,162.835
920,125,Sydney - Parramatta,New South Wales,2190,9.7772,162.835
921,125,Sydney - Parramatta,New South Wales,2197,2.9286,162.835
922,125,Sydney - Parramatta,New South Wales,2199,4.6181,162.835
923,126,Sydney - Ryde,New South Wales,2066,9.5786,69.3368
924,126,Sydney - Ryde,New South Wales,2067,5.8196,69.3368
925,126,Sydney - Ryde,New South Wales,2070,7.4617,69.3368
926,126,Sydney - Ryde,New South Wales,2071,7.8221,69.3368
927,126,Sydney - Ryde,New South Wales,2073,10.2515,69.3368
928,126,Sydney - Ryde,New South Wales,2074,22.0151,69.3368
929,126,Sydney - Ryde,New South Wales,2076,15.8484,69.3368
930,126,Sydney - Ryde,New South Wales,2110,4.3304,69.3368
931,126,Sydney - Ryde,New South Wales,2111,4.7162,69.3368
932,126,Sydney - Ryde,New South Wales,2112,9.3018,69.3368
933,126,Sydney - Ryde,New South Wales,2113,13.2159,69.3368
934,126,Sydney - Ryde,New South Wales,2114,7.3639,69.3368
935,126,Sydney - Ryde,New South Wales,2115,3.9347,69.3368
936,126,Sydney - Ryde,New South Wales,2117,7.1268,69.3368
937,126,Sydney - Ryde,New South Wales,2118,8.5068,69.3368
938,126,Sydney - Ryde,New South Wales,2119,6.7407,69.3368
939,126,Sydney - Ryde,New South Wales,2120,13.8137,69.3368
940,126,Sydney - Ryde,New South Wales,2121,9.2015,69.3368
941,126,Sydney - Ryde,New South Wales,2122,9.0576,69.3368
942,126,Sydney - Ryde,New South Wales,2125,9.2916,69.3368
943,126,Sydney - Ryde,New South Wales,2126,8.2603,69.3368
944,127,Sydney - South West,New South Wales,2145,27.5671,540.279
945,127,Sydney - South West,New South Wales,2148,37.6817,540.279
946,127,Sydney - South West,New South Wales,2161,11.2122,540.279
947,127,Sydney - South West,New South Wales,2163,6.3533,540.279
948,127,Sydney - South West,New South Wales,2164,20.5159,540.279
949,127,Sydney - South West,New South Wales,2165,11.12,540.279
950,127,Sydney - South West,New South Wales,2166,15.2543,540.279
951,127,Sydney - South West,New South Wales,2167,6.9946,540.279
952,127,Sydney - South West,New South Wales,2168,12.8684,540.279
953,127,Sydney - South West,New South Wales,2170,54.319,540.279
954,127,Sydney - South West,New South Wales,2171,21.5331,540.279
955,127,Sydney - South West,New South Wales,2172,3.6787,540.279
956,127,Sydney - South West,New South Wales,2173,192.8683,540.279
957,127,Sydney - South West,New South Wales,2174,6.0563,540.279
958,127,Sydney - South West,New South Wales,2175,21.9683,540.279
959,127,Sydney - South West,New South Wales,2176,19.8468,540.279
960,127,Sydney - South West,New South Wales,2177,5.1959,540.279
961,127,Sydney - South West,New South Wales,2178,54.3241,540.279
962,127,Sydney - South West,New South Wales,2179,36.53,540.279
963,127,Sydney - South West,New South Wales,2198,3.3233,540.279
964,127,Sydney - South West,New South Wales,2200,13.9792,540.279
965,127,Sydney - South West,New South Wales,2213,10.0369,540.279
966,127,Sydney - South West,New South Wales,2214,5.3711,540.279
967,127,Sydney - South West,New South Wales,2234,39.7248,540.279
968,127,Sydney - South West,New South Wales,2555,26.981,540.279
969,127,Sydney - South West,New South Wales,2556,40.2134,540.279
970,127,Sydney - South West,New South Wales,2557,37.1205,540.279
971,127,Sydney - South West,New South Wales,2558,7.6039,540.279
972,127,Sydney - South West,New South Wales,2564,9.0236,540.279
973,127,Sydney - South West,New South Wales,2565,29.7009,540.279
974,127,Sydney - South West,New South Wales,2566,28.3019,540.279
975,127,Sydney - South West,New South Wales,2567,31.1557,540.279
976,127,Sydney - South West,New South Wales,2570,469.0775,540.279
977,127,Sydney - South West,New South Wales,2745,168.7608,540.279
978,127,Sydney - South West,New South Wales,2748,43.0734,540.279
979,127,Sydney - South West,New South Wales,2752,53.5688,540.279
980,127,Sydney - South West,New South Wales,2759,15.5979,540.279
981,127,Sydney - South West,New South Wales,2766,27.2383,540.279
982,128,Sydney - Sutherland,New South Wales,2172,3.6787,295.8525
983,128,Sydney - Sutherland,New South Wales,2173,192.8683,295.8525
984,128,Sydney - Sutherland,New South Wales,2213,10.0369,295.8525
985,128,Sydney - Sutherland,New South Wales,2224,4.6882,295.8525
986,128,Sydney - Sutherland,New South Wales,2225,2.1022,295.8525
987,128,Sydney - Sutherland,New South Wales,2226,5.2222,295.8525
988,128,Sydney - Sutherland,New South Wales,2227,4.5976,295.8525
989,128,Sydney - Sutherland,New South Wales,2228,5.9464,295.8525
990,128,Sydney - Sutherland,New South Wales,2229,10.7805,295.8525
991,128,Sydney - Sutherland,New South Wales,2230,9.0449,295.8525
992,128,Sydney - Sutherland,New South Wales,2231,19.3454,295.8525
993,128,Sydney - Sutherland,New South Wales,2232,153.5693,295.8525
994,128,Sydney - Sutherland,New South Wales,2233,40.831,295.8525
995,128,Sydney - Sutherland,New South Wales,2234,39.7248,295.8525
996,128,Sydney - Sutherland,New South Wales,2508,162.241,295.8525
997,204,Hume,Victoria,2627,1994.6112,34006.4765
998,204,Hume,Victoria,2640,1029.4042,34006.4765
999,204,Hume,Victoria,2642,4076.8,34006.4765
"1,000",204,Hume,Victoria,2643,156.4024,34006.4765
"1,001",204,Hume,Victoria,2644,2157.7365,34006.4765
"1,002",204,Hume,Victoria,2646,2895.4549,34006.4765
"1,003",205,Latrobe - Gippsland,Victoria,2550,3966.6591,41553.1093
"1,004",205,Latrobe - Gippsland,Victoria,2551,1397.7681,41553.1093
"1,005",205,Latrobe - Gippsland,Victoria,2627,1994.6112,41553.1093
"1,006",205,Latrobe - Gippsland,Victoria,2628,2337.0094,41553.1093
"1,007",205,Latrobe - Gippsland,Victoria,2632,1824.9879,41553.1093
"1,008",205,Latrobe - Gippsland,Victoria,2633,766.4927,41553.1093
"1,009",215,North West,Victoria,2648,23909.7281,78072.9843
"1,010",215,North West,Victoria,2715,13749.9032,78072.9843
"1,011",215,North West,Victoria,2717,120.7928,78072.9843
"1,012",215,North West,Victoria,2731,1428.1661,78072.9843
"1,013",215,North West,Victoria,2732,1849.8263,78072.9843
"1,014",215,North West,Victoria,2734,1755.2448,78072.9843
"1,015",215,North West,Victoria,2735,271.5656,78072.9843
"1,016",215,North West,Victoria,2736,213.1077,78072.9843
"1,017",215,North West,Victoria,2737,3345.8754,78072.9843
"1,018",215,North West,Victoria,2738,2066.851,78072.9843
"1,019",215,North West,Victoria,2739,50.1706,78072.9843
"1,020",216,Shepparton,Victoria,2646,2895.4549,10933.8661
"1,021",216,Shepparton,Victoria,2647,357.3501,10933.8661
"1,022",216,Shepparton,Victoria,2710,10466.1631,10933.8661
"1,023",216,Shepparton,Victoria,2712,966.5102,10933.8661
"1,024",216,Shepparton,Victoria,2714,708.9706,10933.8661
"1,025",216,Shepparton,Victoria,2731,1428.1661,10933.8661
"1,026",307,Darling Downs - Maranoa,Queensland,2361,1963.1502,166346.6638
"1,027",307,Darling Downs - Maranoa,Queensland,2372,4894.7861,166346.6638
"1,028",307,Darling Downs - Maranoa,Queensland,2405,3418.239,166346.6638
"1,029",307,Darling Downs - Maranoa,Queensland,2406,3283.9561,166346.6638
"1,030",307,Darling Downs - Maranoa,Queensland,2409,1607.1651,166346.6638
"1,031",307,Darling Downs - Maranoa,Queensland,2410,1530.5927,166346.6638
"1,032",307,Darling Downs - Maranoa,Queensland,2476,805.3354,166346.6638
"1,033",307,Darling Downs - Maranoa,Queensland,2833,5044.6803,166346.6638
"1,034",307,Darling Downs - Maranoa,Queensland,2834,2828.007,166346.6638
"1,035",307,Darling Downs - Maranoa,Queensland,2838,3487.8165,166346.6638
"1,036",307,Darling Downs - Maranoa,Queensland,2839,12282.839,166346.6638
"1,037",309,Gold Coast,Queensland,2474,1537.5939,1857.7774
"1,038",309,Gold Coast,Queensland,2484,972.2983,1857.7774
"1,039",309,Gold Coast,Queensland,2485,13.73,1857.7774
"1,040",309,Gold Coast,Queensland,2486,100.3781,1857.7774
"1,041",310,Ipswich,Queensland,2476,805.3354,6681.1781
"1,042",311,Logan - Beaudesert,Queensland,2474,1537.5939,2586.163
"1,043",311,Logan - Beaudesert,Queensland,2476,805.3354,2586.163
"1,044",315,Queensland - Outback,Queensland,2839,12282.839,1183175.1279
"1,045",315,Queensland - Outback,Queensland,2840,62474.6022,1183175.1279
"1,046",315,Queensland - Outback,Queensland,2880,66191.4077,1183175.1279
"1,047",406,South Australia - Outback,South Australia,2648,23909.7281,877772.5757
"1,048",406,South Australia - Outback,South Australia,2880,66191.4077,877772.5757
"1,049",801,Australian Capital Territory,Australian Capital Territory,2600,23.345,2358.133
"1,050",801,Australian Capital Territory,Australian Capital Territory,2601,15.233,2358.133
"1,051",801,Australian Capital Territory,Australian Capital Territory,2602,21.9723,2358.133
"1,052",801,Australian Capital Territory,Australian Capital Territory,2603,9.2066,2358.133
"1,053",801,Australian Capital Territory,Australian Capital Territory,2604,5.4946,2358.133
"1,054",801,Australian Capital Territory,Australian Capital Territory,2605,9.2938,2358.133
"1,055",801,Australian Capital Territory,Australian Capital Territory,2606,9.0325,2358.133
"1,056",801,Australian Capital Territory,Australian Capital Territory,2607,10.2741,2358.133
"1,057",801,Australian Capital Territory,Australian Capital Territory,2609,127.7951,2358.133
"1,058",801,Australian Capital Territory,Australian Capital Territory,2611,1558.6312,2358.133
"1,059",801,Australian Capital Territory,Australian Capital Territory,2612,9.4532,2358.133
"1,060",801,Australian Capital Territory,Australian Capital Territory,2614,11.1345,2358.133
"1,061",801,Australian Capital Territory,Australian Capital Territory,2615,36.9984,2358.133
"1,062",801,Australian Capital Territory,Australian Capital Territory,2617,37.0115,2358.133
"1,063",801,Australian Capital Territory,Australian Capital Territory,2618,216.6295,2358.133
"1,064",801,Australian Capital Territory,Australian Capital Territory,2619,11.3316,2358.133
"1,065",801,Australian Capital Territory,Australian Capital Territory,2620,2869.8201,2358.133
"1,066",801,Australian Capital Territory,Australian Capital Territory,2621,853.2512,2358.133
"1,067",801,Australian Capital Territory,Australian Capital Territory,2626,383.5704,2358.133
"1,068",801,Australian Capital Territory,Australian Capital Territory,2629,2054.5144,2358.133
"1,069",801,Australian Capital Territory,Australian Capital Territory,2630,4206.3548,2358.133
"1,070",801,Australian Capital Territory,Australian Capital Territory,2900,101.0226,2358.133
"1,071",801,Australian Capital Territory,Australian Capital Territory,2902,11.3361,2358.133
"1,072",801,Australian Capital Territory,Australian Capital Territory,2903,6.484,2358.133
"1,073",801,Australian Capital Territory,Australian Capital Territory,2904,9.7514,2358.133
"1,074",801,Australian Capital Territory,Australian Capital Territory,2905,19.8141,2358.133
"1,075",801,Australian Capital Territory,Australian Capital Territory,2906,11.2186,2358.133
"1,076",801,Australian Capital Territory,Australian Capital Territory,2911,5.0536,2358.133
"1,077",801,Australian Capital Territory,Australian Capital Territory,2912,31.9188,2358.133
"1,078",801,Australian Capital Territory,Australian Capital Territory,2913,21.81,2358.133
"1,079",801,Australian Capital Territory,Australian Capital Territory,2914,16.4832,2358.133
"1,080",901,Other Territories,Other Territories,2540,1900.6655,255.742
"1,081",901,Other Territories,Other Territories,2899,38.651,255.742
