Row Number,SED Code 2021,SED,State,Postcode,Postcode Area (sq km),SED Area (sq km)
1,10001,Albury,New South Wales,2624,348.5647,19684.1233
2,10001,Albury,New South Wales,2627,1994.6112,19684.1233
3,10001,Albury,New South Wales,2628,2337.0094,19684.1233
4,10001,Albury,New South Wales,2629,2054.5144,19684.1233
5,10001,Albury,New South Wales,2640,1029.4042,19684.1233
6,10001,Albury,New South Wales,2641,33.5384,19684.1233
7,10001,Albury,New South Wales,2642,4076.8,19684.1233
8,10001,Albury,New South Wales,2643,156.4024,19684.1233
9,10001,Albury,New South Wales,2644,2157.7365,19684.1233
10,10001,Albury,New South Wales,2645,1181.6879,19684.1233
11,10001,Albury,New South Wales,2646,2895.4549,19684.1233
12,10001,Albury,New South Wales,2647,357.3501,19684.1233
13,10001,Albury,New South Wales,2649,247.113,19684.1233
14,10001,Albury,New South Wales,2650,4061.238,19684.1233
15,10001,Albury,New South Wales,2652,6116.1137,19684.1233
16,10001,Albury,New South Wales,2653,1228.8205,19684.1233
17,10001,Albury,New South Wales,2656,1497.1368,19684.1233
18,10001,Albury,New South Wales,2658,748.0545,19684.1233
19,10001,Albury,New South Wales,2659,367.5445,19684.1233
20,10001,Albury,New South Wales,2660,451.2793,19684.1233
21,10001,Albury,New South Wales,2700,3016.2983,19684.1233
22,10001,Albury,New South Wales,2707,2112.3439,19684.1233
23,10001,Albury,New South Wales,2710,10466.1631,19684.1233
24,10001,Albury,New South Wales,2712,966.5102,19684.1233
25,10001,Albury,New South Wales,2713,970.31,19684.1233
26,10001,Albury,New South Wales,2716,2861.8271,19684.1233
27,10001,Albury,New South Wales,2720,2485.6548,19684.1233
28,10001,Albury,New South Wales,2730,420.4856,19684.1233
29,10002,Auburn,New South Wales,2115,3.9347,38.4245
30,10002,Auburn,New South Wales,2116,3.7975,38.4245
31,10002,Auburn,New South Wales,2127,8.1408,38.4245
32,10002,Auburn,New South Wales,2128,2.7,38.4245
33,10002,Auburn,New South Wales,2135,6.5375,38.4245
34,10002,Auburn,New South Wales,2138,3.7811,38.4245
35,10002,Auburn,New South Wales,2140,3.7487,38.4245
36,10002,Auburn,New South Wales,2141,11.9359,38.4245
37,10002,Auburn,New South Wales,2142,10.9833,38.4245
38,10002,Auburn,New South Wales,2143,4.3104,38.4245
39,10002,Auburn,New South Wales,2144,8.5637,38.4245
40,10002,Auburn,New South Wales,2160,8.4346,38.4245
41,10002,Auburn,New South Wales,2161,11.2122,38.4245
42,10002,Auburn,New South Wales,2162,5.7908,38.4245
43,10002,Auburn,New South Wales,2190,9.7772,38.4245
44,10003,Ballina,New South Wales,2471,442.1506,1050.7719
45,10003,Ballina,New South Wales,2472,466.4076,1050.7719
46,10003,Ballina,New South Wales,2477,227.642,1050.7719
47,10003,Ballina,New South Wales,2478,185.6804,1050.7719
48,10003,Ballina,New South Wales,2479,164.5709,1050.7719
49,10003,Ballina,New South Wales,2480,1369.4565,1050.7719
50,10003,Ballina,New South Wales,2481,131.029,1050.7719
51,10003,Ballina,New South Wales,2482,180.2681,1050.7719
52,10003,Ballina,New South Wales,2483,182.7314,1050.7719
53,10003,Ballina,New South Wales,2484,972.2983,1050.7719
54,10004,Balmain,New South Wales,2007,0.5588,13.2658
55,10004,Balmain,New South Wales,2008,0.845,13.2658
56,10004,Balmain,New South Wales,2009,0.9299,13.2658
57,10004,Balmain,New South Wales,2037,2.1374,13.2658
58,10004,Balmain,New South Wales,2038,1.4931,13.2658
59,10004,Balmain,New South Wales,2039,1.8337,13.2658
60,10004,Balmain,New South Wales,2040,4.754,13.2658
61,10004,Balmain,New South Wales,2041,2.4666,13.2658
62,10004,Balmain,New South Wales,2045,2.3828,13.2658
63,10004,Balmain,New South Wales,2048,1.218,13.2658
64,10004,Balmain,New South Wales,2049,1.929,13.2658
65,10004,Balmain,New South Wales,2050,1.5031,13.2658
66,10004,Balmain,New South Wales,2130,1.2031,13.2658
67,10005,Bankstown,New South Wales,2141,11.9359,27.2579
68,10005,Bankstown,New South Wales,2143,4.3104,27.2579
69,10005,Bankstown,New South Wales,2144,8.5637,27.2579
70,10005,Bankstown,New South Wales,2161,11.2122,27.2579
71,10005,Bankstown,New South Wales,2162,5.7908,27.2579
72,10005,Bankstown,New South Wales,2163,6.3533,27.2579
73,10005,Bankstown,New South Wales,2165,11.12,27.2579
74,10005,Bankstown,New South Wales,2166,15.2543,27.2579
75,10005,Bankstown,New South Wales,2190,9.7772,27.2579
76,10005,Bankstown,New South Wales,2196,7.0679,27.2579
77,10005,Bankstown,New South Wales,2197,2.9286,27.2579
78,10005,Bankstown,New South Wales,2198,3.3233,27.2579
79,10005,Bankstown,New South Wales,2199,4.6181,27.2579
80,10005,Bankstown,New South Wales,2200,13.9792,27.2579
81,10005,Bankstown,New South Wales,2211,7.3323,27.2579
82,10005,Bankstown,New South Wales,2212,6.4088,27.2579
83,10006,Barwon,New South Wales,2329,3056.2045,355955.4464
84,10006,Barwon,New South Wales,2343,3352.8926,355955.4464
85,10006,Barwon,New South Wales,2347,3035.4851,355955.4464
86,10006,Barwon,New South Wales,2356,542.7306,355955.4464
87,10006,Barwon,New South Wales,2357,3305.5418,355955.4464
88,10006,Barwon,New South Wales,2379,1114.41,355955.4464
89,10006,Barwon,New South Wales,2380,2089.1897,355955.4464
90,10006,Barwon,New South Wales,2381,2052.3174,355955.4464
91,10006,Barwon,New South Wales,2382,1826.3389,355955.4464
92,10006,Barwon,New South Wales,2386,1979.4029,355955.4464
93,10006,Barwon,New South Wales,2387,1388.5196,355955.4464
94,10006,Barwon,New South Wales,2388,6699.0871,355955.4464
95,10006,Barwon,New South Wales,2390,4217.1072,355955.4464
96,10006,Barwon,New South Wales,2395,1113.5695,355955.4464
97,10006,Barwon,New South Wales,2396,1826.7503,355955.4464
98,10006,Barwon,New South Wales,2397,1694.9079,355955.4464
99,10006,Barwon,New South Wales,2398,953.5519,355955.4464
100,10006,Barwon,New South Wales,2400,7569.0088,355955.4464
101,10006,Barwon,New South Wales,2406,3283.9561,355955.4464
102,10006,Barwon,New South Wales,2648,23909.7281,355955.4464
103,10006,Barwon,New South Wales,2669,6295.346,355955.4464
104,10006,Barwon,New South Wales,2671,3297.7351,355955.4464
105,10006,Barwon,New South Wales,2672,1794.2389,355955.4464
106,10006,Barwon,New South Wales,2675,8518.5583,355955.4464
107,10006,Barwon,New South Wales,2715,13749.9032,355955.4464
108,10006,Barwon,New South Wales,2817,961.4848,355955.4464
109,10006,Barwon,New South Wales,2821,2339.8603,355955.4464
110,10006,Barwon,New South Wales,2822,501.7243,355955.4464
111,10006,Barwon,New South Wales,2823,2782.3577,355955.4464
112,10006,Barwon,New South Wales,2824,4843.6,355955.4464
113,10006,Barwon,New South Wales,2825,7188.4073,355955.4464
114,10006,Barwon,New South Wales,2826,1153.7892,355955.4464
115,10006,Barwon,New South Wales,2827,2964.6885,355955.4464
116,10006,Barwon,New South Wales,2828,2375.64,355955.4464
117,10006,Barwon,New South Wales,2829,6318.8294,355955.4464
118,10006,Barwon,New South Wales,2830,3017.4938,355955.4464
119,10006,Barwon,New South Wales,2831,22389.3649,355955.4464
120,10006,Barwon,New South Wales,2832,9695.0643,355955.4464
121,10006,Barwon,New South Wales,2833,5044.6803,355955.4464
122,10006,Barwon,New South Wales,2834,2828.007,355955.4464
123,10006,Barwon,New South Wales,2835,29975.1826,355955.4464
124,10006,Barwon,New South Wales,2836,31517.8004,355955.4464
125,10006,Barwon,New South Wales,2838,3487.8165,355955.4464
126,10006,Barwon,New South Wales,2839,12282.839,355955.4464
127,10006,Barwon,New South Wales,2840,62474.6022,355955.4464
128,10006,Barwon,New South Wales,2842,1317.6706,355955.4464
129,10006,Barwon,New South Wales,2843,1590.9154,355955.4464
130,10006,Barwon,New South Wales,2844,1821.5658,355955.4464
131,10006,Barwon,New South Wales,2850,6005.3758,355955.4464
132,10006,Barwon,New South Wales,2852,1240.991,355955.4464
133,10006,Barwon,New South Wales,2871,3837.8532,355955.4464
134,10006,Barwon,New South Wales,2873,3202.9936,355955.4464
135,10006,Barwon,New South Wales,2874,1358.1326,355955.4464
136,10006,Barwon,New South Wales,2875,2311.0022,355955.4464
137,10006,Barwon,New South Wales,2877,15332.1603,355955.4464
138,10006,Barwon,New South Wales,2878,18261.1234,355955.4464
139,10006,Barwon,New South Wales,2879,13320.0094,355955.4464
140,10006,Barwon,New South Wales,2880,66191.4077,355955.4464
141,10007,Bathurst,New South Wales,2328,1634.8508,15013.0528
142,10007,Bathurst,New South Wales,2330,4730.8949,15013.0528
143,10007,Bathurst,New South Wales,2580,5512.6655,15013.0528
144,10007,Bathurst,New South Wales,2583,3382.6891,15013.0528
145,10007,Bathurst,New South Wales,2756,1486.8709,15013.0528
146,10007,Bathurst,New South Wales,2758,572.1443,15013.0528
147,10007,Bathurst,New South Wales,2785,128.6447,15013.0528
148,10007,Bathurst,New South Wales,2786,84.7603,15013.0528
149,10007,Bathurst,New South Wales,2787,4632.7818,15013.0528
150,10007,Bathurst,New South Wales,2790,2481.3231,15013.0528
151,10007,Bathurst,New South Wales,2791,184.9651,15013.0528
152,10007,Bathurst,New South Wales,2792,369.6931,15013.0528
153,10007,Bathurst,New South Wales,2793,648.0055,15013.0528
154,10007,Bathurst,New South Wales,2795,5307.5248,15013.0528
155,10007,Bathurst,New South Wales,2797,147.8245,15013.0528
156,10007,Bathurst,New South Wales,2798,268.7089,15013.0528
157,10007,Bathurst,New South Wales,2799,630.7998,15013.0528
158,10007,Bathurst,New South Wales,2800,1993.9511,15013.0528
159,10007,Bathurst,New South Wales,2845,67.0705,15013.0528
160,10007,Bathurst,New South Wales,2846,591.8498,15013.0528
161,10007,Bathurst,New South Wales,2847,98.897,15013.0528
162,10007,Bathurst,New South Wales,2848,166.2149,15013.0528
163,10007,Bathurst,New South Wales,2849,2801.0405,15013.0528
164,10007,Bathurst,New South Wales,2850,6005.3758,15013.0528
165,10008,Baulkham Hills,New South Wales,2118,8.5068,41.7093
166,10008,Baulkham Hills,New South Wales,2119,6.7407,41.7093
167,10008,Baulkham Hills,New South Wales,2125,9.2916,41.7093
168,10008,Baulkham Hills,New South Wales,2126,8.2603,41.7093
169,10008,Baulkham Hills,New South Wales,2151,10.7334,41.7093
170,10008,Baulkham Hills,New South Wales,2152,4.2857,41.7093
171,10008,Baulkham Hills,New South Wales,2153,25.5852,41.7093
172,10008,Baulkham Hills,New South Wales,2154,18.8102,41.7093
173,10008,Baulkham Hills,New South Wales,2155,36.388,41.7093
174,10008,Baulkham Hills,New South Wales,2768,9.0194,41.7093
175,10009,Bega,New South Wales,2536,974.8377,9706.6708
176,10009,Bega,New South Wales,2537,1167.0234,9706.6708
177,10009,Bega,New South Wales,2538,390.494,9706.6708
178,10009,Bega,New South Wales,2545,876.5468,9706.6708
179,10009,Bega,New South Wales,2546,911.2673,9706.6708
180,10009,Bega,New South Wales,2548,120.1179,9706.6708
181,10009,Bega,New South Wales,2549,222.9511,9706.6708
182,10009,Bega,New South Wales,2550,3966.6591,9706.6708
183,10009,Bega,New South Wales,2551,1397.7681,9706.6708
184,10009,Bega,New South Wales,2622,4256.1145,9706.6708
185,10009,Bega,New South Wales,2630,4206.3548,9706.6708
186,10009,Bega,New South Wales,2631,1199.4934,9706.6708
187,10009,Bega,New South Wales,2632,1824.9879,9706.6708
188,10010,Blacktown,New South Wales,2147,15.9973,32.9722
189,10010,Blacktown,New South Wales,2148,37.6817,32.9722
190,10010,Blacktown,New South Wales,2761,14.7648,32.9722
191,10010,Blacktown,New South Wales,2763,13.0157,32.9722
192,10010,Blacktown,New South Wales,2766,27.2383,32.9722
193,10010,Blacktown,New South Wales,2767,10.1088,32.9722
194,10010,Blacktown,New South Wales,2768,9.0194,32.9722
195,10011,Blue Mountains,New South Wales,2745,168.7608,1423.125
196,10011,Blue Mountains,New South Wales,2749,47.0936,1423.125
197,10011,Blue Mountains,New South Wales,2750,35.3705,1423.125
198,10011,Blue Mountains,New South Wales,2753,169.4419,1423.125
199,10011,Blue Mountains,New South Wales,2758,572.1443,1423.125
200,10011,Blue Mountains,New South Wales,2773,8.3936,1423.125
201,10011,Blue Mountains,New South Wales,2774,21.2999,1423.125
202,10011,Blue Mountains,New South Wales,2776,14.932,1423.125
203,10011,Blue Mountains,New South Wales,2777,54.7327,1423.125
204,10011,Blue Mountains,New South Wales,2778,20.9602,1423.125
205,10011,Blue Mountains,New South Wales,2779,12.4995,1423.125
206,10011,Blue Mountains,New South Wales,2780,38.4603,1423.125
207,10011,Blue Mountains,New South Wales,2782,21.0358,1423.125
208,10011,Blue Mountains,New South Wales,2783,7.2887,1423.125
209,10011,Blue Mountains,New South Wales,2784,6.1389,1423.125
210,10011,Blue Mountains,New South Wales,2785,128.6447,1423.125
211,10011,Blue Mountains,New South Wales,2786,84.7603,1423.125
212,10011,Blue Mountains,New South Wales,2787,4632.7818,1423.125
213,10011,Blue Mountains,New South Wales,2790,2481.3231,1423.125
214,10012,Cabramatta,New South Wales,2163,6.3533,25.6886
215,10012,Cabramatta,New South Wales,2166,15.2543,25.6886
216,10012,Cabramatta,New South Wales,2168,12.8684,25.6886
217,10012,Cabramatta,New South Wales,2170,54.319,25.6886
218,10012,Cabramatta,New South Wales,2171,21.5331,25.6886
219,10012,Cabramatta,New South Wales,2176,19.8468,25.6886
220,10012,Cabramatta,New South Wales,2177,5.1959,25.6886
221,10012,Cabramatta,New South Wales,2198,3.3233,25.6886
222,10013,Camden,New South Wales,2171,21.5331,332.0119
223,10013,Camden,New South Wales,2178,54.3241,332.0119
224,10013,Camden,New South Wales,2179,36.53,332.0119
225,10013,Camden,New South Wales,2555,26.981,332.0119
226,10013,Camden,New South Wales,2556,40.2134,332.0119
227,10013,Camden,New South Wales,2557,37.1205,332.0119
228,10013,Camden,New South Wales,2558,7.6039,332.0119
229,10013,Camden,New South Wales,2559,4.3495,332.0119
230,10013,Camden,New South Wales,2563,11.5603,332.0119
231,10013,Camden,New South Wales,2565,29.7009,332.0119
232,10013,Camden,New South Wales,2566,28.3019,332.0119
233,10013,Camden,New South Wales,2567,31.1557,332.0119
234,10013,Camden,New South Wales,2568,34.0936,332.0119
235,10013,Camden,New South Wales,2570,469.0775,332.0119
236,10013,Camden,New South Wales,2745,168.7608,332.0119
237,10013,Camden,New South Wales,2752,53.5688,332.0119
238,10014,Campbelltown,New South Wales,2173,192.8683,235.0776
239,10014,Campbelltown,New South Wales,2508,162.241,235.0776
240,10014,Campbelltown,New South Wales,2557,37.1205,235.0776
241,10014,Campbelltown,New South Wales,2558,7.6039,235.0776
242,10014,Campbelltown,New South Wales,2559,4.3495,235.0776
243,10014,Campbelltown,New South Wales,2560,411.3136,235.0776
244,10014,Campbelltown,New South Wales,2563,11.5603,235.0776
245,10014,Campbelltown,New South Wales,2566,28.3019,235.0776
246,10014,Campbelltown,New South Wales,2567,31.1557,235.0776
247,10014,Campbelltown,New South Wales,2568,34.0936,235.0776
248,10014,Campbelltown,New South Wales,2570,469.0775,235.0776
249,10015,Canterbury,New South Wales,2131,3.4144,20.8398
250,10015,Canterbury,New South Wales,2133,2.5503,20.8398
251,10015,Canterbury,New South Wales,2136,3.4638,20.8398
252,10015,Canterbury,New South Wales,2190,9.7772,20.8398
253,10015,Canterbury,New South Wales,2191,1.7826,20.8398
254,10015,Canterbury,New South Wales,2192,2.731,20.8398
255,10015,Canterbury,New South Wales,2193,4.1963,20.8398
256,10015,Canterbury,New South Wales,2194,3.3734,20.8398
257,10015,Canterbury,New South Wales,2195,3.5488,20.8398
258,10015,Canterbury,New South Wales,2196,7.0679,20.8398
259,10015,Canterbury,New South Wales,2203,2.0929,20.8398
260,10015,Canterbury,New South Wales,2204,5.7904,20.8398
261,10015,Canterbury,New South Wales,2205,4.244,20.8398
262,10015,Canterbury,New South Wales,2206,5.9786,20.8398
263,10015,Canterbury,New South Wales,2207,7.1852,20.8398
264,10015,Canterbury,New South Wales,2208,4.459,20.8398
265,10015,Canterbury,New South Wales,2209,4.2502,20.8398
266,10016,Castle Hill,New South Wales,2125,9.2916,98.001
267,10016,Castle Hill,New South Wales,2153,25.5852,98.001
268,10016,Castle Hill,New South Wales,2154,18.8102,98.001
269,10016,Castle Hill,New South Wales,2155,36.388,98.001
270,10016,Castle Hill,New South Wales,2156,62.9548,98.001
271,10016,Castle Hill,New South Wales,2158,41.7948,98.001
272,10016,Castle Hill,New South Wales,2765,127.5271,98.001
273,10016,Castle Hill,New South Wales,2768,9.0194,98.001
274,10017,Cessnock,New South Wales,2250,691.6342,4412.9868
275,10017,Cessnock,New South Wales,2259,524.7348,4412.9868
276,10017,Cessnock,New South Wales,2265,136.0018,4412.9868
277,10017,Cessnock,New South Wales,2278,45.0568,4412.9868
278,10017,Cessnock,New South Wales,2284,24.2726,4412.9868
279,10017,Cessnock,New South Wales,2285,32.3918,4412.9868
280,10017,Cessnock,New South Wales,2286,25.2353,4412.9868
281,10017,Cessnock,New South Wales,2287,38.0741,4412.9868
282,10017,Cessnock,New South Wales,2320,403.8742,4412.9868
283,10017,Cessnock,New South Wales,2321,361.6288,4412.9868
284,10017,Cessnock,New South Wales,2322,168.2091,4412.9868
285,10017,Cessnock,New South Wales,2323,207.9467,4412.9868
286,10017,Cessnock,New South Wales,2325,1605.0648,4412.9868
287,10017,Cessnock,New South Wales,2326,80.9068,4412.9868
288,10017,Cessnock,New South Wales,2327,15.0694,4412.9868
289,10017,Cessnock,New South Wales,2328,1634.8508,4412.9868
290,10017,Cessnock,New South Wales,2330,4730.8949,4412.9868
291,10017,Cessnock,New South Wales,2331,137.2978,4412.9868
292,10017,Cessnock,New South Wales,2334,20.7073,4412.9868
293,10017,Cessnock,New South Wales,2335,268.4372,4412.9868
294,10017,Cessnock,New South Wales,2756,1486.8709,4412.9868
295,10017,Cessnock,New South Wales,2775,833.1402,4412.9868
296,10017,Cessnock,New South Wales,2849,2801.0405,4412.9868
297,10018,Charlestown,New South Wales,2280,27.927,62.5461
298,10018,Charlestown,New South Wales,2282,11.2261,62.5461
299,10018,Charlestown,New South Wales,2284,24.2726,62.5461
300,10018,Charlestown,New South Wales,2285,32.3918,62.5461
301,10018,Charlestown,New South Wales,2289,11.413,62.5461
302,10018,Charlestown,New South Wales,2290,35.6998,62.5461
303,10018,Charlestown,New South Wales,2291,7.1942,62.5461
304,10018,Charlestown,New South Wales,2292,2.873,62.5461
305,10018,Charlestown,New South Wales,2303,3.0401,62.5461
306,10018,Charlestown,New South Wales,2305,8.894,62.5461
307,10018,Charlestown,New South Wales,2306,1.777,62.5461
308,10019,Clarence,New South Wales,2365,3804.6687,13476.0927
309,10019,Clarence,New South Wales,2370,4769.4223,13476.0927
310,10019,Clarence,New South Wales,2372,4894.7861,13476.0927
311,10019,Clarence,New South Wales,2450,1019.718,13476.0927
312,10019,Clarence,New South Wales,2453,2157.9951,13476.0927
313,10019,Clarence,New South Wales,2454,975.6046,13476.0927
314,10019,Clarence,New South Wales,2456,205.4443,13476.0927
315,10019,Clarence,New South Wales,2460,6630.3495,13476.0927
316,10019,Clarence,New South Wales,2462,470.532,13476.0927
317,10019,Clarence,New South Wales,2463,549.2925,13476.0927
318,10019,Clarence,New South Wales,2464,102.8533,13476.0927
319,10019,Clarence,New South Wales,2465,23.5903,13476.0927
320,10019,Clarence,New South Wales,2466,14.3561,13476.0927
321,10019,Clarence,New South Wales,2469,3813.3747,13476.0927
322,10019,Clarence,New South Wales,2470,1256.5159,13476.0927
323,10019,Clarence,New South Wales,2471,442.1506,13476.0927
324,10019,Clarence,New South Wales,2472,466.4076,13476.0927
325,10019,Clarence,New South Wales,2473,31.366,13476.0927
326,10019,Clarence,New South Wales,2474,1537.5939,13476.0927
327,10019,Clarence,New South Wales,2477,227.642,13476.0927
328,10019,Clarence,New South Wales,2480,1369.4565,13476.0927
329,10020,Coffs Harbour,New South Wales,2450,1019.718,1173.706
330,10020,Coffs Harbour,New South Wales,2452,12.7764,1173.706
331,10020,Coffs Harbour,New South Wales,2453,2157.9951,1173.706
332,10020,Coffs Harbour,New South Wales,2454,975.6046,1173.706
333,10020,Coffs Harbour,New South Wales,2456,205.4443,1173.706
334,10020,Coffs Harbour,New South Wales,2460,6630.3495,1173.706
335,10021,Coogee,New South Wales,2021,5.7186,12.7241
336,10021,Coogee,New South Wales,2022,1.9228,12.7241
337,10021,Coogee,New South Wales,2024,1.9321,12.7241
338,10021,Coogee,New South Wales,2025,1.2307,12.7241
339,10021,Coogee,New South Wales,2026,3.6477,12.7241
340,10021,Coogee,New South Wales,2031,6.094,12.7241
341,10021,Coogee,New South Wales,2032,2.475,12.7241
342,10021,Coogee,New South Wales,2033,2.6691,12.7241
343,10021,Coogee,New South Wales,2034,3.0497,12.7241
344,10021,Coogee,New South Wales,2035,8.1207,12.7241
345,10022,Cootamundra,New South Wales,2582,3130.1184,34704.5642
346,10022,Cootamundra,New South Wales,2583,3382.6891,34704.5642
347,10022,Cootamundra,New South Wales,2584,281.3129,34704.5642
348,10022,Cootamundra,New South Wales,2585,260.132,34704.5642
349,10022,Cootamundra,New South Wales,2586,2323.2503,34704.5642
350,10022,Cootamundra,New South Wales,2587,921.8587,34704.5642
351,10022,Cootamundra,New South Wales,2588,218.0548,34704.5642
352,10022,Cootamundra,New South Wales,2590,1320.4637,34704.5642
353,10022,Cootamundra,New South Wales,2594,2418.7155,34704.5642
354,10022,Cootamundra,New South Wales,2650,4061.238,34704.5642
355,10022,Cootamundra,New South Wales,2652,6116.1137,34704.5642
356,10022,Cootamundra,New South Wales,2656,1497.1368,34704.5642
357,10022,Cootamundra,New South Wales,2663,492.6429,34704.5642
358,10022,Cootamundra,New South Wales,2665,4109.6274,34704.5642
359,10022,Cootamundra,New South Wales,2666,2462.5855,34704.5642
360,10022,Cootamundra,New South Wales,2668,708.1132,34704.5642
361,10022,Cootamundra,New South Wales,2669,6295.346,34704.5642
362,10022,Cootamundra,New South Wales,2671,3297.7351,34704.5642
363,10022,Cootamundra,New South Wales,2672,1794.2389,34704.5642
364,10022,Cootamundra,New South Wales,2675,8518.5583,34704.5642
365,10022,Cootamundra,New South Wales,2681,471.7587,34704.5642
366,10022,Cootamundra,New South Wales,2700,3016.2983,34704.5642
367,10022,Cootamundra,New South Wales,2701,852.1158,34704.5642
368,10022,Cootamundra,New South Wales,2702,439.8686,34704.5642
369,10022,Cootamundra,New South Wales,2705,1129.1529,34704.5642
370,10022,Cootamundra,New South Wales,2706,725.4016,34704.5642
371,10022,Cootamundra,New South Wales,2707,2112.3439,34704.5642
372,10022,Cootamundra,New South Wales,2720,2485.6548,34704.5642
373,10022,Cootamundra,New South Wales,2721,539.5029,34704.5642
374,10022,Cootamundra,New South Wales,2722,1576.1373,34704.5642
375,10022,Cootamundra,New South Wales,2725,262.3734,34704.5642
376,10022,Cootamundra,New South Wales,2726,160.6689,34704.5642
377,10022,Cootamundra,New South Wales,2727,772.9227,34704.5642
378,10022,Cootamundra,New South Wales,2729,933.1202,34704.5642
379,10022,Cootamundra,New South Wales,2792,369.6931,34704.5642
380,10022,Cootamundra,New South Wales,2793,648.0055,34704.5642
381,10022,Cootamundra,New South Wales,2794,1408.2658,34704.5642
382,10022,Cootamundra,New South Wales,2795,5307.5248,34704.5642
383,10022,Cootamundra,New South Wales,2797,147.8245,34704.5642
384,10022,Cootamundra,New South Wales,2799,630.7998,34704.5642
385,10022,Cootamundra,New South Wales,2800,1993.9511,34704.5642
386,10022,Cootamundra,New South Wales,2803,342.0982,34704.5642
387,10022,Cootamundra,New South Wales,2804,878.0498,34704.5642
388,10022,Cootamundra,New South Wales,2805,289.854,34704.5642
389,10022,Cootamundra,New South Wales,2807,299.7008,34704.5642
390,10022,Cootamundra,New South Wales,2808,242.5414,34704.5642
391,10022,Cootamundra,New South Wales,2809,163.0067,34704.5642
392,10022,Cootamundra,New South Wales,2810,2658.971,34704.5642
393,10022,Cootamundra,New South Wales,2871,3837.8532,34704.5642
394,10023,Cronulla,New South Wales,2227,4.5976,42.9759
395,10023,Cronulla,New South Wales,2228,5.9464,42.9759
396,10023,Cronulla,New South Wales,2229,10.7805,42.9759
397,10023,Cronulla,New South Wales,2230,9.0449,42.9759
398,10023,Cronulla,New South Wales,2231,19.3454,42.9759
399,10023,Cronulla,New South Wales,2232,153.5693,42.9759
400,10024,Davidson,New South Wales,2067,5.8196,75.4806
401,10024,Davidson,New South Wales,2068,5.6655,75.4806
402,10024,Davidson,New South Wales,2069,7.5302,75.4806
403,10024,Davidson,New South Wales,2070,7.4617,75.4806
404,10024,Davidson,New South Wales,2071,7.8221,75.4806
405,10024,Davidson,New South Wales,2072,3.7885,75.4806
406,10024,Davidson,New South Wales,2073,10.2515,75.4806
407,10024,Davidson,New South Wales,2074,22.0151,75.4806
408,10024,Davidson,New South Wales,2075,17.7425,75.4806
409,10024,Davidson,New South Wales,2084,107.3731,75.4806
410,10024,Davidson,New South Wales,2085,16.0513,75.4806
411,10024,Davidson,New South Wales,2086,8.0742,75.4806
412,10024,Davidson,New South Wales,2087,8.9311,75.4806
413,10024,Davidson,New South Wales,2099,18.7149,75.4806
414,10024,Davidson,New South Wales,2101,26.6694,75.4806
415,10024,Davidson,New South Wales,2113,13.2159,75.4806
416,10025,Drummoyne,New South Wales,2045,2.3828,18.4448
417,10025,Drummoyne,New South Wales,2046,6.0148,18.4448
418,10025,Drummoyne,New South Wales,2047,2.3101,18.4448
419,10025,Drummoyne,New South Wales,2110,4.3304,18.4448
420,10025,Drummoyne,New South Wales,2127,8.1408,18.4448
421,10025,Drummoyne,New South Wales,2131,3.4144,18.4448
422,10025,Drummoyne,New South Wales,2132,2.4354,18.4448
423,10025,Drummoyne,New South Wales,2134,2.4456,18.4448
424,10025,Drummoyne,New South Wales,2135,6.5375,18.4448
425,10025,Drummoyne,New South Wales,2137,7.3557,18.4448
426,10025,Drummoyne,New South Wales,2138,3.7811,18.4448
427,10026,Dubbo,New South Wales,2329,3056.2045,17317.1554
428,10026,Dubbo,New South Wales,2795,5307.5248,17317.1554
429,10026,Dubbo,New South Wales,2800,1993.9511,17317.1554
430,10026,Dubbo,New South Wales,2818,471.7655,17317.1554
431,10026,Dubbo,New South Wales,2820,2438.751,17317.1554
432,10026,Dubbo,New South Wales,2821,2339.8603,17317.1554
433,10026,Dubbo,New South Wales,2822,501.7243,17317.1554
434,10026,Dubbo,New South Wales,2823,2782.3577,17317.1554
435,10026,Dubbo,New South Wales,2826,1153.7892,17317.1554
436,10026,Dubbo,New South Wales,2827,2964.6885,17317.1554
437,10026,Dubbo,New South Wales,2830,3017.4938,17317.1554
438,10026,Dubbo,New South Wales,2831,22389.3649,17317.1554
439,10026,Dubbo,New South Wales,2842,1317.6706,17317.1554
440,10026,Dubbo,New South Wales,2844,1821.5658,17317.1554
441,10026,Dubbo,New South Wales,2849,2801.0405,17317.1554
442,10026,Dubbo,New South Wales,2850,6005.3758,17317.1554
443,10026,Dubbo,New South Wales,2852,1240.991,17317.1554
444,10026,Dubbo,New South Wales,2866,1198.7089,17317.1554
445,10026,Dubbo,New South Wales,2867,1042.378,17317.1554
446,10026,Dubbo,New South Wales,2868,777.9814,17317.1554
447,10026,Dubbo,New South Wales,2869,2103.7978,17317.1554
448,10026,Dubbo,New South Wales,2873,3202.9936,17317.1554
449,10026,Dubbo,New South Wales,2874,1358.1326,17317.1554
450,10027,East Hills,New South Wales,2166,15.2543,38.8251
451,10027,East Hills,New South Wales,2170,54.319,38.8251
452,10027,East Hills,New South Wales,2172,3.6787,38.8251
453,10027,East Hills,New South Wales,2196,7.0679,38.8251
454,10027,East Hills,New South Wales,2197,2.9286,38.8251
455,10027,East Hills,New South Wales,2198,3.3233,38.8251
456,10027,East Hills,New South Wales,2199,4.6181,38.8251
457,10027,East Hills,New South Wales,2200,13.9792,38.8251
458,10027,East Hills,New South Wales,2210,11.0963,38.8251
459,10027,East Hills,New South Wales,2211,7.3323,38.8251
460,10027,East Hills,New South Wales,2212,6.4088,38.8251
461,10027,East Hills,New South Wales,2213,10.0369,38.8251
462,10027,East Hills,New South Wales,2214,5.3711,38.8251
463,10027,East Hills,New South Wales,2234,39.7248,38.8251
464,10028,Epping,New South Wales,2074,22.0151,31.5812
465,10028,Epping,New South Wales,2117,7.1268,31.5812
466,10028,Epping,New South Wales,2118,8.5068,31.5812
467,10028,Epping,New South Wales,2119,6.7407,31.5812
468,10028,Epping,New South Wales,2120,13.8137,31.5812
469,10028,Epping,New South Wales,2121,9.2015,31.5812
470,10028,Epping,New South Wales,2122,9.0576,31.5812
471,10028,Epping,New South Wales,2125,9.2916,31.5812
472,10028,Epping,New South Wales,2126,8.2603,31.5812
473,10028,Epping,New South Wales,2154,18.8102,31.5812
474,10028,Epping,New South Wales,2156,62.9548,31.5812
475,10028,Epping,New South Wales,2158,41.7948,31.5812
476,10029,Fairfield,New South Wales,2145,27.5671,27.5386
477,10029,Fairfield,New South Wales,2160,8.4346,27.5386
478,10029,Fairfield,New South Wales,2161,11.2122,27.5386
479,10029,Fairfield,New South Wales,2162,5.7908,27.5386
480,10029,Fairfield,New South Wales,2163,6.3533,27.5386
481,10029,Fairfield,New South Wales,2164,20.5159,27.5386
482,10029,Fairfield,New South Wales,2165,11.12,27.5386
483,10029,Fairfield,New South Wales,2166,15.2543,27.5386
484,10029,Fairfield,New South Wales,2176,19.8468,27.5386
485,10030,Gosford,New South Wales,2083,45.774,799.9234
486,10030,Gosford,New South Wales,2250,691.6342,799.9234
487,10030,Gosford,New South Wales,2256,72.7648,799.9234
488,10030,Gosford,New South Wales,2257,29.3795,799.9234
489,10030,Gosford,New South Wales,2258,121.2568,799.9234
490,10030,Gosford,New South Wales,2775,833.1402,799.9234
491,10031,Goulburn,New South Wales,2527,96.0646,18810.787
492,10031,Goulburn,New South Wales,2540,1900.6655,18810.787
493,10031,Goulburn,New South Wales,2574,350.23,18810.787
494,10031,Goulburn,New South Wales,2575,981.4743,18810.787
495,10031,Goulburn,New South Wales,2576,174.2442,18810.787
496,10031,Goulburn,New South Wales,2577,1312.519,18810.787
497,10031,Goulburn,New South Wales,2578,47.9223,18810.787
498,10031,Goulburn,New South Wales,2579,860.117,18810.787
499,10031,Goulburn,New South Wales,2580,5512.6655,18810.787
500,10031,Goulburn,New South Wales,2581,2106.6075,18810.787
501,10031,Goulburn,New South Wales,2582,3130.1184,18810.787
502,10031,Goulburn,New South Wales,2583,3382.6891,18810.787
503,10031,Goulburn,New South Wales,2584,281.3129,18810.787
504,10031,Goulburn,New South Wales,2585,260.132,18810.787
505,10031,Goulburn,New South Wales,2586,2323.2503,18810.787
506,10031,Goulburn,New South Wales,2594,2418.7155,18810.787
507,10031,Goulburn,New South Wales,2611,1558.6312,18810.787
508,10031,Goulburn,New South Wales,2615,36.9984,18810.787
509,10031,Goulburn,New South Wales,2617,37.0115,18810.787
510,10031,Goulburn,New South Wales,2618,216.6295,18810.787
511,10031,Goulburn,New South Wales,2620,2869.8201,18810.787
512,10031,Goulburn,New South Wales,2621,853.2512,18810.787
513,10031,Goulburn,New South Wales,2622,4256.1145,18810.787
514,10031,Goulburn,New South Wales,2720,2485.6548,18810.787
515,10031,Goulburn,New South Wales,2727,772.9227,18810.787
516,10031,Goulburn,New South Wales,2787,4632.7818,18810.787
517,10031,Goulburn,New South Wales,2793,648.0055,18810.787
518,10031,Goulburn,New South Wales,2794,1408.2658,18810.787
519,10031,Goulburn,New South Wales,2795,5307.5248,18810.787
520,10031,Goulburn,New South Wales,2803,342.0982,18810.787
521,10031,Goulburn,New South Wales,2807,299.7008,18810.787
522,10031,Goulburn,New South Wales,2808,242.5414,18810.787
523,10031,Goulburn,New South Wales,2912,31.9188,18810.787
524,10032,Granville,New South Wales,2142,10.9833,22.6361
525,10032,Granville,New South Wales,2144,8.5637,22.6361
526,10032,Granville,New South Wales,2145,27.5671,22.6361
527,10032,Granville,New South Wales,2150,5.8687,22.6361
528,10032,Granville,New South Wales,2160,8.4346,22.6361
529,10032,Granville,New South Wales,2161,11.2122,22.6361
530,10032,Granville,New South Wales,2162,5.7908,22.6361
531,10032,Granville,New South Wales,2164,20.5159,22.6361
532,10033,Hawkesbury,New South Wales,2082,9.6876,3161.7485
533,10033,Hawkesbury,New South Wales,2156,62.9548,3161.7485
534,10033,Hawkesbury,New South Wales,2157,148.4858,3161.7485
535,10033,Hawkesbury,New South Wales,2158,41.7948,3161.7485
536,10033,Hawkesbury,New South Wales,2159,127.4464,3161.7485
537,10033,Hawkesbury,New South Wales,2250,691.6342,3161.7485
538,10033,Hawkesbury,New South Wales,2325,1605.0648,3161.7485
539,10033,Hawkesbury,New South Wales,2330,4730.8949,3161.7485
540,10033,Hawkesbury,New South Wales,2749,47.0936,3161.7485
541,10033,Hawkesbury,New South Wales,2753,169.4419,3161.7485
542,10033,Hawkesbury,New South Wales,2754,34.3251,3161.7485
543,10033,Hawkesbury,New South Wales,2756,1486.8709,3161.7485
544,10033,Hawkesbury,New South Wales,2757,8.3269,3161.7485
545,10033,Hawkesbury,New South Wales,2758,572.1443,3161.7485
546,10033,Hawkesbury,New South Wales,2765,127.5271,3161.7485
547,10033,Hawkesbury,New South Wales,2775,833.1402,3161.7485
548,10033,Hawkesbury,New South Wales,2777,54.7327,3161.7485
549,10033,Hawkesbury,New South Wales,2786,84.7603,3161.7485
550,10033,Hawkesbury,New South Wales,2787,4632.7818,3161.7485
551,10033,Hawkesbury,New South Wales,2790,2481.3231,3161.7485
552,10033,Hawkesbury,New South Wales,2849,2801.0405,3161.7485
553,10034,Heathcote,New South Wales,2173,192.8683,374.8572
554,10034,Heathcote,New South Wales,2226,5.2222,374.8572
555,10034,Heathcote,New South Wales,2227,4.5976,374.8572
556,10034,Heathcote,New South Wales,2230,9.0449,374.8572
557,10034,Heathcote,New South Wales,2232,153.5693,374.8572
558,10034,Heathcote,New South Wales,2233,40.831,374.8572
559,10034,Heathcote,New South Wales,2234,39.7248,374.8572
560,10034,Heathcote,New South Wales,2508,162.241,374.8572
561,10034,Heathcote,New South Wales,2515,14.2268,374.8572
562,10034,Heathcote,New South Wales,2560,411.3136,374.8572
563,10035,Heffron,New South Wales,2010,2.1733,33.4565
564,10035,Heffron,New South Wales,2015,4.2157,33.4565
565,10035,Heffron,New South Wales,2016,1.1717,33.4565
566,10035,Heffron,New South Wales,2017,1.9386,33.4565
567,10035,Heffron,New South Wales,2018,3.9305,33.4565
568,10035,Heffron,New South Wales,2019,7.3691,33.4565
569,10035,Heffron,New South Wales,2020,11.9607,33.4565
570,10035,Heffron,New South Wales,2021,5.7186,33.4565
571,10035,Heffron,New South Wales,2022,1.9228,33.4565
572,10035,Heffron,New South Wales,2025,1.2307,33.4565
573,10035,Heffron,New South Wales,2031,6.094,33.4565
574,10035,Heffron,New South Wales,2032,2.475,33.4565
575,10035,Heffron,New South Wales,2033,2.6691,33.4565
576,10035,Heffron,New South Wales,2035,8.1207,33.4565
577,10035,Heffron,New South Wales,2042,2.0446,33.4565
578,10035,Heffron,New South Wales,2043,0.8075,33.4565
579,10035,Heffron,New South Wales,2044,3.8539,33.4565
580,10035,Heffron,New South Wales,2204,5.7904,33.4565
581,10035,Heffron,New South Wales,2205,4.244,33.4565
582,10035,Heffron,New South Wales,2216,5.5962,33.4565
583,10036,Holsworthy,New South Wales,2166,15.2543,131.1765
584,10036,Holsworthy,New South Wales,2167,6.9946,131.1765
585,10036,Holsworthy,New South Wales,2168,12.8684,131.1765
586,10036,Holsworthy,New South Wales,2170,54.319,131.1765
587,10036,Holsworthy,New South Wales,2171,21.5331,131.1765
588,10036,Holsworthy,New South Wales,2172,3.6787,131.1765
589,10036,Holsworthy,New South Wales,2173,192.8683,131.1765
590,10036,Holsworthy,New South Wales,2174,6.0563,131.1765
591,10036,Holsworthy,New South Wales,2198,3.3233,131.1765
592,10036,Holsworthy,New South Wales,2200,13.9792,131.1765
593,10036,Holsworthy,New South Wales,2213,10.0369,131.1765
594,10036,Holsworthy,New South Wales,2214,5.3711,131.1765
595,10036,Holsworthy,New South Wales,2233,40.831,131.1765
596,10036,Holsworthy,New South Wales,2234,39.7248,131.1765
597,10036,Holsworthy,New South Wales,2564,9.0236,131.1765
598,10036,Holsworthy,New South Wales,2565,29.7009,131.1765
599,10036,Holsworthy,New South Wales,2566,28.3019,131.1765
600,10037,Hornsby,New South Wales,2074,22.0151,294.5085
601,10037,Hornsby,New South Wales,2076,15.8484,294.5085
602,10037,Hornsby,New South Wales,2077,22.8664,294.5085
603,10037,Hornsby,New South Wales,2079,11.0623,294.5085
604,10037,Hornsby,New South Wales,2080,10.5767,294.5085
605,10037,Hornsby,New South Wales,2081,40.1939,294.5085
606,10037,Hornsby,New South Wales,2082,9.6876,294.5085
607,10037,Hornsby,New South Wales,2083,45.774,294.5085
608,10037,Hornsby,New South Wales,2119,6.7407,294.5085
609,10037,Hornsby,New South Wales,2120,13.8137,294.5085
610,10037,Hornsby,New South Wales,2121,9.2015,294.5085
611,10037,Hornsby,New South Wales,2126,8.2603,294.5085
612,10037,Hornsby,New South Wales,2154,18.8102,294.5085
613,10037,Hornsby,New South Wales,2156,62.9548,294.5085
614,10037,Hornsby,New South Wales,2157,148.4858,294.5085
615,10037,Hornsby,New South Wales,2158,41.7948,294.5085
616,10037,Hornsby,New South Wales,2159,127.4464,294.5085
617,10038,Keira,New South Wales,2500,27.1582,195.6076
618,10038,Keira,New South Wales,2508,162.241,195.6076
619,10038,Keira,New South Wales,2515,14.2268,195.6076
620,10038,Keira,New South Wales,2516,8.6615,195.6076
621,10038,Keira,New South Wales,2517,9.0099,195.6076
622,10038,Keira,New South Wales,2518,12.7193,195.6076
623,10038,Keira,New South Wales,2519,9.2816,195.6076
624,10038,Keira,New South Wales,2525,8.5595,195.6076
625,10038,Keira,New South Wales,2526,132.2947,195.6076
626,10038,Keira,New South Wales,2560,411.3136,195.6076
627,10039,Kiama,New South Wales,2527,96.0646,2195.2635
628,10039,Kiama,New South Wales,2529,40.4513,2195.2635
629,10039,Kiama,New South Wales,2530,88.3672,2195.2635
630,10039,Kiama,New South Wales,2533,106.4039,2195.2635
631,10039,Kiama,New South Wales,2534,76.2287,2195.2635
632,10039,Kiama,New South Wales,2535,247.9753,2195.2635
633,10039,Kiama,New South Wales,2540,1900.6655,2195.2635
634,10039,Kiama,New South Wales,2541,45.432,2195.2635
635,10039,Kiama,New South Wales,2574,350.23,2195.2635
636,10039,Kiama,New South Wales,2577,1312.519,2195.2635
637,10039,Kiama,New South Wales,2579,860.117,2195.2635
638,10039,Kiama,New South Wales,2580,5512.6655,2195.2635
639,10039,Kiama,New South Wales,2622,4256.1145,2195.2635
640,10040,Kogarah,New South Wales,2207,7.1852,17.7615
641,10040,Kogarah,New South Wales,2208,4.459,17.7615
642,10040,Kogarah,New South Wales,2209,4.2502,17.7615
643,10040,Kogarah,New South Wales,2216,5.5962,17.7615
644,10040,Kogarah,New South Wales,2217,6.2487,17.7615
645,10040,Kogarah,New South Wales,2218,2.6615,17.7615
646,10040,Kogarah,New South Wales,2220,5.144,17.7615
647,10040,Kogarah,New South Wales,2221,5.3796,17.7615
648,10040,Kogarah,New South Wales,2222,2.5457,17.7615
649,10041,Ku-ring-gai,New South Wales,2070,7.4617,52.4226
650,10041,Ku-ring-gai,New South Wales,2071,7.8221,52.4226
651,10041,Ku-ring-gai,New South Wales,2072,3.7885,52.4226
652,10041,Ku-ring-gai,New South Wales,2073,10.2515,52.4226
653,10041,Ku-ring-gai,New South Wales,2074,22.0151,52.4226
654,10041,Ku-ring-gai,New South Wales,2075,17.7425,52.4226
655,10041,Ku-ring-gai,New South Wales,2076,15.8484,52.4226
656,10041,Ku-ring-gai,New South Wales,2077,22.8664,52.4226
657,10041,Ku-ring-gai,New South Wales,2079,11.0623,52.4226
658,10041,Ku-ring-gai,New South Wales,2084,107.3731,52.4226
659,10041,Ku-ring-gai,New South Wales,2113,13.2159,52.4226
660,10041,Ku-ring-gai,New South Wales,2120,13.8137,52.4226
661,10041,Ku-ring-gai,New South Wales,2121,9.2015,52.4226
662,10041,Ku-ring-gai,New South Wales,2122,9.0576,52.4226
663,10042,Lake Macquarie,New South Wales,2259,524.7348,478.2644
664,10042,Lake Macquarie,New South Wales,2262,33.7717,478.2644
665,10042,Lake Macquarie,New South Wales,2264,115.1942,478.2644
666,10042,Lake Macquarie,New South Wales,2265,136.0018,478.2644
667,10042,Lake Macquarie,New South Wales,2267,3.6556,478.2644
668,10042,Lake Macquarie,New South Wales,2278,45.0568,478.2644
669,10042,Lake Macquarie,New South Wales,2282,11.2261,478.2644
670,10042,Lake Macquarie,New South Wales,2283,59.2496,478.2644
671,10042,Lake Macquarie,New South Wales,2284,24.2726,478.2644
672,10042,Lake Macquarie,New South Wales,2285,32.3918,478.2644
673,10042,Lake Macquarie,New South Wales,2286,25.2353,478.2644
674,10042,Lake Macquarie,New South Wales,2290,35.6998,478.2644
675,10042,Lake Macquarie,New South Wales,2323,207.9467,478.2644
676,10042,Lake Macquarie,New South Wales,2325,1605.0648,478.2644
677,10043,Lakemba,New South Wales,2135,6.5375,23.6096
678,10043,Lakemba,New South Wales,2136,3.4638,23.6096
679,10043,Lakemba,New South Wales,2141,11.9359,23.6096
680,10043,Lakemba,New South Wales,2143,4.3104,23.6096
681,10043,Lakemba,New South Wales,2190,9.7772,23.6096
682,10043,Lakemba,New South Wales,2191,1.7826,23.6096
683,10043,Lakemba,New South Wales,2192,2.731,23.6096
684,10043,Lakemba,New South Wales,2195,3.5488,23.6096
685,10043,Lakemba,New South Wales,2196,7.0679,23.6096
686,10043,Lakemba,New South Wales,2199,4.6181,23.6096
687,10043,Lakemba,New South Wales,2200,13.9792,23.6096
688,10043,Lakemba,New South Wales,2209,4.2502,23.6096
689,10043,Lakemba,New South Wales,2210,11.0963,23.6096
690,10043,Lakemba,New South Wales,2211,7.3323,23.6096
691,10044,Lane Cove,New South Wales,2064,2.5348,31.426
692,10044,Lane Cove,New South Wales,2065,5.6781,31.426
693,10044,Lane Cove,New South Wales,2066,9.5786,31.426
694,10044,Lane Cove,New South Wales,2067,5.8196,31.426
695,10044,Lane Cove,New South Wales,2070,7.4617,31.426
696,10044,Lane Cove,New South Wales,2071,7.8221,31.426
697,10044,Lane Cove,New South Wales,2073,10.2515,31.426
698,10044,Lane Cove,New South Wales,2110,4.3304,31.426
699,10044,Lane Cove,New South Wales,2111,4.7162,31.426
700,10044,Lane Cove,New South Wales,2112,9.3018,31.426
701,10044,Lane Cove,New South Wales,2113,13.2159,31.426
702,10045,Lismore,New South Wales,2361,1963.1502,13003.4953
703,10045,Lismore,New South Wales,2370,4769.4223,13003.4953
704,10045,Lismore,New South Wales,2371,1900.6028,13003.4953
705,10045,Lismore,New South Wales,2372,4894.7861,13003.4953
706,10045,Lismore,New South Wales,2460,6630.3495,13003.4953
707,10045,Lismore,New South Wales,2469,3813.3747,13003.4953
708,10045,Lismore,New South Wales,2470,1256.5159,13003.4953
709,10045,Lismore,New South Wales,2471,442.1506,13003.4953
710,10045,Lismore,New South Wales,2472,466.4076,13003.4953
711,10045,Lismore,New South Wales,2474,1537.5939,13003.4953
712,10045,Lismore,New South Wales,2475,494.7232,13003.4953
713,10045,Lismore,New South Wales,2476,805.3354,13003.4953
714,10045,Lismore,New South Wales,2477,227.642,13003.4953
715,10045,Lismore,New South Wales,2480,1369.4565,13003.4953
716,10045,Lismore,New South Wales,2482,180.2681,13003.4953
717,10045,Lismore,New South Wales,2483,182.7314,13003.4953
718,10045,Lismore,New South Wales,2484,972.2983,13003.4953
719,10045,Lismore,New South Wales,2490,22.4375,13003.4953
720,10046,Liverpool,New South Wales,2166,15.2543,28.9289
721,10046,Liverpool,New South Wales,2168,12.8684,28.9289
722,10046,Liverpool,New South Wales,2170,54.319,28.9289
723,10046,Liverpool,New South Wales,2171,21.5331,28.9289
724,10046,Liverpool,New South Wales,2174,6.0563,28.9289
725,10046,Liverpool,New South Wales,2177,5.1959,28.9289
726,10046,Liverpool,New South Wales,2179,36.53,28.9289
727,10047,Londonderry,New South Wales,2747,55.0667,185.0822
728,10047,Londonderry,New South Wales,2748,43.0734,185.0822
729,10047,Londonderry,New South Wales,2749,47.0936,185.0822
730,10047,Londonderry,New South Wales,2750,35.3705,185.0822
731,10047,Londonderry,New South Wales,2753,169.4419,185.0822
732,10047,Londonderry,New South Wales,2756,1486.8709,185.0822
733,10047,Londonderry,New South Wales,2759,15.5979,185.0822
734,10047,Londonderry,New South Wales,2760,19.9308,185.0822
735,10047,Londonderry,New South Wales,2761,14.7648,185.0822
736,10047,Londonderry,New South Wales,2765,127.5271,185.0822
737,10047,Londonderry,New South Wales,2766,27.2383,185.0822
738,10047,Londonderry,New South Wales,2770,24.7303,185.0822
739,10047,Londonderry,New South Wales,2777,54.7327,185.0822
740,10048,Macquarie Fields,New South Wales,2167,6.9946,92.7141
741,10048,Macquarie Fields,New South Wales,2170,54.319,92.7141
742,10048,Macquarie Fields,New South Wales,2171,21.5331,92.7141
743,10048,Macquarie Fields,New South Wales,2173,192.8683,92.7141
744,10048,Macquarie Fields,New South Wales,2174,6.0563,92.7141
745,10048,Macquarie Fields,New South Wales,2179,36.53,92.7141
746,10048,Macquarie Fields,New South Wales,2557,37.1205,92.7141
747,10048,Macquarie Fields,New South Wales,2558,7.6039,92.7141
748,10048,Macquarie Fields,New South Wales,2559,4.3495,92.7141
749,10048,Macquarie Fields,New South Wales,2560,411.3136,92.7141
750,10048,Macquarie Fields,New South Wales,2564,9.0236,92.7141
751,10048,Macquarie Fields,New South Wales,2565,29.7009,92.7141
752,10048,Macquarie Fields,New South Wales,2566,28.3019,92.7141
753,10049,Maitland,New South Wales,2320,403.8742,391.5089
754,10049,Maitland,New South Wales,2321,361.6288,391.5089
755,10049,Maitland,New South Wales,2322,168.2091,391.5089
756,10049,Maitland,New South Wales,2323,207.9467,391.5089
757,10049,Maitland,New South Wales,2324,627.1611,391.5089
758,10049,Maitland,New South Wales,2326,80.9068,391.5089
759,10049,Maitland,New South Wales,2334,20.7073,391.5089
760,10049,Maitland,New South Wales,2335,268.4372,391.5089
761,10049,Maitland,New South Wales,2421,244.7457,391.5089
762,10050,Manly,New South Wales,2087,8.9311,24.7921
763,10050,Manly,New South Wales,2092,3.1079,24.7921
764,10050,Manly,New South Wales,2093,7.529,24.7921
765,10050,Manly,New South Wales,2094,1.1683,24.7921
766,10050,Manly,New South Wales,2095,5.5668,24.7921
767,10050,Manly,New South Wales,2096,3.4532,24.7921
768,10050,Manly,New South Wales,2099,18.7149,24.7921
769,10050,Manly,New South Wales,2100,13.4698,24.7921
770,10051,Maroubra,New South Wales,2018,3.9305,33.5587
771,10051,Maroubra,New South Wales,2019,7.3691,33.5587
772,10051,Maroubra,New South Wales,2020,11.9607,33.5587
773,10051,Maroubra,New South Wales,2031,6.094,33.5587
774,10051,Maroubra,New South Wales,2032,2.475,33.5587
775,10051,Maroubra,New South Wales,2034,3.0497,33.5587
776,10051,Maroubra,New South Wales,2035,8.1207,33.5587
777,10051,Maroubra,New South Wales,2036,15.7131,33.5587
778,10052,Miranda,New South Wales,2224,4.6882,30.9501
779,10052,Miranda,New South Wales,2225,2.1022,30.9501
780,10052,Miranda,New South Wales,2226,5.2222,30.9501
781,10052,Miranda,New South Wales,2227,4.5976,30.9501
782,10052,Miranda,New South Wales,2228,5.9464,30.9501
783,10052,Miranda,New South Wales,2229,10.7805,30.9501
784,10052,Miranda,New South Wales,2232,153.5693,30.9501
785,10052,Miranda,New South Wales,2234,39.7248,30.9501
786,10053,Monaro,New South Wales,2536,974.8377,20483.7979
787,10053,Monaro,New South Wales,2537,1167.0234,20483.7979
788,10053,Monaro,New South Wales,2545,876.5468,20483.7979
789,10053,Monaro,New South Wales,2546,911.2673,20483.7979
790,10053,Monaro,New South Wales,2550,3966.6591,20483.7979
791,10053,Monaro,New South Wales,2551,1397.7681,20483.7979
792,10053,Monaro,New South Wales,2580,5512.6655,20483.7979
793,10053,Monaro,New South Wales,2581,2106.6075,20483.7979
794,10053,Monaro,New South Wales,2600,23.345,20483.7979
795,10053,Monaro,New South Wales,2609,127.7951,20483.7979
796,10053,Monaro,New South Wales,2611,1558.6312,20483.7979
797,10053,Monaro,New South Wales,2619,11.3316,20483.7979
798,10053,Monaro,New South Wales,2620,2869.8201,20483.7979
799,10053,Monaro,New South Wales,2621,853.2512,20483.7979
800,10053,Monaro,New South Wales,2622,4256.1145,20483.7979
801,10053,Monaro,New South Wales,2623,166.9084,20483.7979
802,10053,Monaro,New South Wales,2624,348.5647,20483.7979
803,10053,Monaro,New South Wales,2625,1.0856,20483.7979
804,10053,Monaro,New South Wales,2626,383.5704,20483.7979
805,10053,Monaro,New South Wales,2627,1994.6112,20483.7979
806,10053,Monaro,New South Wales,2628,2337.0094,20483.7979
807,10053,Monaro,New South Wales,2629,2054.5144,20483.7979
808,10053,Monaro,New South Wales,2630,4206.3548,20483.7979
809,10053,Monaro,New South Wales,2631,1199.4934,20483.7979
810,10053,Monaro,New South Wales,2632,1824.9879,20483.7979
811,10053,Monaro,New South Wales,2633,766.4927,20483.7979
812,10053,Monaro,New South Wales,2642,4076.8,20483.7979
813,10053,Monaro,New South Wales,2720,2485.6548,20483.7979
814,10053,Monaro,New South Wales,2900,101.0226,20483.7979
815,10053,Monaro,New South Wales,2912,31.9188,20483.7979
816,10054,Mount Druitt,New South Wales,2747,55.0667,39.8304
817,10054,Mount Druitt,New South Wales,2760,19.9308,39.8304
818,10054,Mount Druitt,New South Wales,2761,14.7648,39.8304
819,10054,Mount Druitt,New South Wales,2762,12.5171,39.8304
820,10054,Mount Druitt,New South Wales,2763,13.0157,39.8304
821,10054,Mount Druitt,New South Wales,2765,127.5271,39.8304
822,10054,Mount Druitt,New South Wales,2766,27.2383,39.8304
823,10054,Mount Druitt,New South Wales,2767,10.1088,39.8304
824,10054,Mount Druitt,New South Wales,2770,24.7303,39.8304
825,10055,Mulgoa,New South Wales,2148,37.6817,273.1094
826,10055,Mulgoa,New South Wales,2164,20.5159,273.1094
827,10055,Mulgoa,New South Wales,2168,12.8684,273.1094
828,10055,Mulgoa,New South Wales,2171,21.5331,273.1094
829,10055,Mulgoa,New South Wales,2175,21.9683,273.1094
830,10055,Mulgoa,New South Wales,2176,19.8468,273.1094
831,10055,Mulgoa,New South Wales,2177,5.1959,273.1094
832,10055,Mulgoa,New South Wales,2178,54.3241,273.1094
833,10055,Mulgoa,New South Wales,2179,36.53,273.1094
834,10055,Mulgoa,New South Wales,2555,26.981,273.1094
835,10055,Mulgoa,New South Wales,2556,40.2134,273.1094
836,10055,Mulgoa,New South Wales,2557,37.1205,273.1094
837,10055,Mulgoa,New South Wales,2745,168.7608,273.1094
838,10055,Mulgoa,New South Wales,2747,55.0667,273.1094
839,10055,Mulgoa,New South Wales,2748,43.0734,273.1094
840,10055,Mulgoa,New South Wales,2750,35.3705,273.1094
841,10055,Mulgoa,New South Wales,2759,15.5979,273.1094
842,10055,Mulgoa,New South Wales,2760,19.9308,273.1094
843,10055,Mulgoa,New South Wales,2766,27.2383,273.1094
844,10055,Mulgoa,New South Wales,2770,24.7303,273.1094
845,10055,Mulgoa,New South Wales,2787,4632.7818,273.1094
846,10056,Murray,New South Wales,2646,2895.4549,107333.1369
847,10056,Murray,New South Wales,2647,357.3501,107333.1369
848,10056,Murray,New South Wales,2648,23909.7281,107333.1369
849,10056,Murray,New South Wales,2652,6116.1137,107333.1369
850,10056,Murray,New South Wales,2665,4109.6274,107333.1369
851,10056,Murray,New South Wales,2669,6295.346,107333.1369
852,10056,Murray,New South Wales,2672,1794.2389,107333.1369
853,10056,Murray,New South Wales,2675,8518.5583,107333.1369
854,10056,Murray,New South Wales,2680,1894.4513,107333.1369
855,10056,Murray,New South Wales,2681,471.7587,107333.1369
856,10056,Murray,New South Wales,2700,3016.2983,107333.1369
857,10056,Murray,New South Wales,2703,56.8879,107333.1369
858,10056,Murray,New South Wales,2705,1129.1529,107333.1369
859,10056,Murray,New South Wales,2706,725.4016,107333.1369
860,10056,Murray,New South Wales,2707,2112.3439,107333.1369
861,10056,Murray,New South Wales,2710,10466.1631,107333.1369
862,10056,Murray,New South Wales,2711,24180.255,107333.1369
863,10056,Murray,New South Wales,2712,966.5102,107333.1369
864,10056,Murray,New South Wales,2713,970.31,107333.1369
865,10056,Murray,New South Wales,2714,708.9706,107333.1369
866,10056,Murray,New South Wales,2715,13749.9032,107333.1369
867,10056,Murray,New South Wales,2716,2861.8271,107333.1369
868,10056,Murray,New South Wales,2717,120.7928,107333.1369
869,10056,Murray,New South Wales,2731,1428.1661,107333.1369
870,10056,Murray,New South Wales,2732,1849.8263,107333.1369
871,10056,Murray,New South Wales,2733,2279.3516,107333.1369
872,10056,Murray,New South Wales,2734,1755.2448,107333.1369
873,10056,Murray,New South Wales,2735,271.5656,107333.1369
874,10056,Murray,New South Wales,2736,213.1077,107333.1369
875,10056,Murray,New South Wales,2737,3345.8754,107333.1369
876,10056,Murray,New South Wales,2738,2066.851,107333.1369
877,10056,Murray,New South Wales,2739,50.1706,107333.1369
878,10056,Murray,New South Wales,2835,29975.1826,107333.1369
879,10056,Murray,New South Wales,2877,15332.1603,107333.1369
880,10056,Murray,New South Wales,2878,18261.1234,107333.1369
881,10056,Murray,New South Wales,2879,13320.0094,107333.1369
882,10056,Murray,New South Wales,2880,66191.4077,107333.1369
883,10057,Myall Lakes,New South Wales,2312,181.2071,5013.4551
884,10057,Myall Lakes,New South Wales,2324,627.1611,5013.4551
885,10057,Myall Lakes,New South Wales,2354,7142.1491,5013.4551
886,10057,Myall Lakes,New South Wales,2422,3212.5916,5013.4551
887,10057,Myall Lakes,New South Wales,2423,1346.2284,5013.4551
888,10057,Myall Lakes,New South Wales,2424,881.6889,5013.4551
889,10057,Myall Lakes,New South Wales,2425,518.0099,5013.4551
890,10057,Myall Lakes,New South Wales,2426,71.3349,5013.4551
891,10057,Myall Lakes,New South Wales,2427,39.8682,5013.4551
892,10057,Myall Lakes,New South Wales,2428,320.9401,5013.4551
893,10057,Myall Lakes,New South Wales,2429,1799.9008,5013.4551
894,10057,Myall Lakes,New South Wales,2430,843.4816,5013.4551
895,10057,Myall Lakes,New South Wales,2446,2233.1607,5013.4551
896,10058,Newcastle,New South Wales,2289,11.413,96.0808
897,10058,Newcastle,New South Wales,2290,35.6998,96.0808
898,10058,Newcastle,New South Wales,2291,7.1942,96.0808
899,10058,Newcastle,New South Wales,2292,2.873,96.0808
900,10058,Newcastle,New South Wales,2293,1.326,96.0808
901,10058,Newcastle,New South Wales,2294,2.0392,96.0808
902,10058,Newcastle,New South Wales,2295,11.9768,96.0808
903,10058,Newcastle,New South Wales,2296,0.7062,96.0808
904,10058,Newcastle,New South Wales,2297,0.801,96.0808
905,10058,Newcastle,New South Wales,2298,4.0311,96.0808
906,10058,Newcastle,New South Wales,2299,5.2319,96.0808
907,10058,Newcastle,New South Wales,2300,3.4557,96.0808
908,10058,Newcastle,New South Wales,2302,0.8095,96.0808
909,10058,Newcastle,New South Wales,2303,3.0401,96.0808
910,10058,Newcastle,New South Wales,2304,39.3891,96.0808
911,10058,Newcastle,New South Wales,2305,8.894,96.0808
912,10058,Newcastle,New South Wales,2307,6.5582,96.0808
913,10058,Newcastle,New South Wales,2308,1.7907,96.0808
914,10058,Newcastle,New South Wales,2318,259.5244,96.0808
915,10058,Newcastle,New South Wales,2322,168.2091,96.0808
916,10059,Newtown,New South Wales,2000,4.2871,10.3058
917,10059,Newtown,New South Wales,2007,0.5588,10.3058
918,10059,Newtown,New South Wales,2008,0.845,10.3058
919,10059,Newtown,New South Wales,2010,2.1733,10.3058
920,10059,Newtown,New South Wales,2015,4.2157,10.3058
921,10059,Newtown,New South Wales,2016,1.1717,10.3058
922,10059,Newtown,New South Wales,2017,1.9386,10.3058
923,10059,Newtown,New South Wales,2021,5.7186,10.3058
924,10059,Newtown,New South Wales,2037,2.1374,10.3058
925,10059,Newtown,New South Wales,2038,1.4931,10.3058
926,10059,Newtown,New South Wales,2040,4.754,10.3058
927,10059,Newtown,New South Wales,2042,2.0446,10.3058
928,10059,Newtown,New South Wales,2043,0.8075,10.3058
929,10059,Newtown,New South Wales,2044,3.8539,10.3058
930,10059,Newtown,New South Wales,2048,1.218,10.3058
931,10059,Newtown,New South Wales,2049,1.929,10.3058
932,10059,Newtown,New South Wales,2050,1.5031,10.3058
933,10059,Newtown,New South Wales,2130,1.2031,10.3058
934,10059,Newtown,New South Wales,2204,5.7904,10.3058
935,10060,North Shore,New South Wales,2060,2.6912,15.6539
936,10060,North Shore,New South Wales,2061,0.6316,15.6539
937,10060,North Shore,New South Wales,2062,1.5527,15.6539
938,10060,North Shore,New South Wales,2065,5.6781,15.6539
939,10060,North Shore,New South Wales,2088,8.6503,15.6539
940,10060,North Shore,New South Wales,2089,1.5036,15.6539
941,10060,North Shore,New South Wales,2090,2.0654,15.6539
942,10061,Northern Tablelands,New South Wales,2346,1967.8028,53083.0644
943,10061,Northern Tablelands,New South Wales,2347,3035.4851,53083.0644
944,10061,Northern Tablelands,New South Wales,2350,4543.2274,53083.0644
945,10061,Northern Tablelands,New South Wales,2354,7142.1491,53083.0644
946,10061,Northern Tablelands,New South Wales,2355,918.5516,53083.0644
947,10061,Northern Tablelands,New South Wales,2358,1905.5433,53083.0644
948,10061,Northern Tablelands,New South Wales,2359,1294.1139,53083.0644
949,10061,Northern Tablelands,New South Wales,2360,3385.2978,53083.0644
950,10061,Northern Tablelands,New South Wales,2361,1963.1502,53083.0644
951,10061,Northern Tablelands,New South Wales,2365,3804.6687,53083.0644
952,10061,Northern Tablelands,New South Wales,2369,347.5058,53083.0644
953,10061,Northern Tablelands,New South Wales,2370,4769.4223,53083.0644
954,10061,Northern Tablelands,New South Wales,2371,1900.6028,53083.0644
955,10061,Northern Tablelands,New South Wales,2372,4894.7861,53083.0644
956,10061,Northern Tablelands,New South Wales,2387,1388.5196,53083.0644
957,10061,Northern Tablelands,New South Wales,2390,4217.1072,53083.0644
958,10061,Northern Tablelands,New South Wales,2397,1694.9079,53083.0644
959,10061,Northern Tablelands,New South Wales,2398,953.5519,53083.0644
960,10061,Northern Tablelands,New South Wales,2399,806.3754,53083.0644
961,10061,Northern Tablelands,New South Wales,2400,7569.0088,53083.0644
962,10061,Northern Tablelands,New South Wales,2401,652.7933,53083.0644
963,10061,Northern Tablelands,New South Wales,2402,1631.0064,53083.0644
964,10061,Northern Tablelands,New South Wales,2403,1006.9407,53083.0644
965,10061,Northern Tablelands,New South Wales,2404,1992.4546,53083.0644
966,10061,Northern Tablelands,New South Wales,2405,3418.239,53083.0644
967,10061,Northern Tablelands,New South Wales,2406,3283.9561,53083.0644
968,10061,Northern Tablelands,New South Wales,2408,1561.154,53083.0644
969,10061,Northern Tablelands,New South Wales,2409,1607.1651,53083.0644
970,10061,Northern Tablelands,New South Wales,2410,1530.5927,53083.0644
971,10061,Northern Tablelands,New South Wales,2411,396.9284,53083.0644
972,10061,Northern Tablelands,New South Wales,2440,3604.2396,53083.0644
973,10061,Northern Tablelands,New South Wales,2453,2157.9951,53083.0644
974,10061,Northern Tablelands,New South Wales,2454,975.6046,53083.0644
975,10061,Northern Tablelands,New South Wales,2460,6630.3495,53083.0644
976,10061,Northern Tablelands,New South Wales,2833,5044.6803,53083.0644
977,10062,Oatley,New South Wales,2209,4.2502,24.0679
978,10062,Oatley,New South Wales,2210,11.0963,24.0679
979,10062,Oatley,New South Wales,2220,5.144,24.0679
980,10062,Oatley,New South Wales,2221,5.3796,24.0679
981,10062,Oatley,New South Wales,2222,2.5457,24.0679
982,10062,Oatley,New South Wales,2223,7.253,24.0679
983,10063,Orange,New South Wales,2671,3297.7351,16974.3072
984,10063,Orange,New South Wales,2792,369.6931,16974.3072
985,10063,Orange,New South Wales,2795,5307.5248,16974.3072
986,10063,Orange,New South Wales,2798,268.7089,16974.3072
987,10063,Orange,New South Wales,2799,630.7998,16974.3072
988,10063,Orange,New South Wales,2800,1993.9511,16974.3072
989,10063,Orange,New South Wales,2804,878.0498,16974.3072
990,10063,Orange,New South Wales,2805,289.854,16974.3072
991,10063,Orange,New South Wales,2806,519.6961,16974.3072
992,10063,Orange,New South Wales,2810,2658.971,16974.3072
993,10063,Orange,New South Wales,2818,471.7655,16974.3072
994,10063,Orange,New South Wales,2820,2438.751,16974.3072
995,10063,Orange,New South Wales,2821,2339.8603,16974.3072
996,10063,Orange,New South Wales,2823,2782.3577,16974.3072
997,10063,Orange,New South Wales,2830,3017.4938,16974.3072
998,10063,Orange,New South Wales,2850,6005.3758,16974.3072
999,10063,Orange,New South Wales,2864,438.2457,16974.3072
"1,000",10063,Orange,New South Wales,2865,620.1745,16974.3072
"1,001",10063,Orange,New South Wales,2866,1198.7089,16974.3072
"1,002",10063,Orange,New South Wales,2867,1042.378,16974.3072
"1,003",10063,Orange,New South Wales,2868,777.9814,16974.3072
"1,004",10063,Orange,New South Wales,2869,2103.7978,16974.3072
"1,005",10063,Orange,New South Wales,2870,2453.9995,16974.3072
"1,006",10063,Orange,New South Wales,2871,3837.8532,16974.3072
"1,007",10063,Orange,New South Wales,2873,3202.9936,16974.3072
"1,008",10063,Orange,New South Wales,2874,1358.1326,16974.3072
"1,009",10063,Orange,New South Wales,2875,2311.0022,16974.3072
"1,010",10063,Orange,New South Wales,2876,935.4993,16974.3072
"1,011",10063,Orange,New South Wales,2877,15332.1603,16974.3072
"1,012",10064,Oxley,New South Wales,2350,4543.2274,9263.2462
"1,013",10064,Oxley,New South Wales,2354,7142.1491,9263.2462
"1,014",10064,Oxley,New South Wales,2424,881.6889,9263.2462
"1,015",10064,Oxley,New South Wales,2429,1799.9008,9263.2462
"1,016",10064,Oxley,New South Wales,2430,843.4816,9263.2462
"1,017",10064,Oxley,New South Wales,2431,45.9673,9263.2462
"1,018",10064,Oxley,New South Wales,2439,362.4229,9263.2462
"1,019",10064,Oxley,New South Wales,2440,3604.2396,9263.2462
"1,020",10064,Oxley,New South Wales,2441,992.7849,9263.2462
"1,021",10064,Oxley,New South Wales,2443,312.5374,9263.2462
"1,022",10064,Oxley,New South Wales,2444,222.4491,9263.2462
"1,023",10064,Oxley,New South Wales,2446,2233.1607,9263.2462
"1,024",10064,Oxley,New South Wales,2447,566.6442,9263.2462
"1,025",10064,Oxley,New South Wales,2448,115.0676,9263.2462
"1,026",10064,Oxley,New South Wales,2449,570.7344,9263.2462
"1,027",10064,Oxley,New South Wales,2450,1019.718,9263.2462
"1,028",10064,Oxley,New South Wales,2453,2157.9951,9263.2462
"1,029",10064,Oxley,New South Wales,2454,975.6046,9263.2462
"1,030",10064,Oxley,New South Wales,2455,48.0551,9263.2462
"1,031",10065,Parramatta,New South Wales,2114,7.3639,35.9284
"1,032",10065,Parramatta,New South Wales,2115,3.9347,35.9284
"1,033",10065,Parramatta,New South Wales,2116,3.7975,35.9284
"1,034",10065,Parramatta,New South Wales,2117,7.1268,35.9284
"1,035",10065,Parramatta,New South Wales,2118,8.5068,35.9284
"1,036",10065,Parramatta,New South Wales,2119,6.7407,35.9284
"1,037",10065,Parramatta,New South Wales,2122,9.0576,35.9284
"1,038",10065,Parramatta,New South Wales,2128,2.7,35.9284
"1,039",10065,Parramatta,New South Wales,2142,10.9833,35.9284
"1,040",10065,Parramatta,New South Wales,2144,8.5637,35.9284
"1,041",10065,Parramatta,New South Wales,2145,27.5671,35.9284
"1,042",10065,Parramatta,New South Wales,2150,5.8687,35.9284
"1,043",10065,Parramatta,New South Wales,2151,10.7334,35.9284
"1,044",10065,Parramatta,New South Wales,2152,4.2857,35.9284
"1,045",10065,Parramatta,New South Wales,2160,8.4346,35.9284
"1,046",10066,Penrith,New South Wales,2745,168.7608,74.1361
"1,047",10066,Penrith,New South Wales,2747,55.0667,74.1361
"1,048",10066,Penrith,New South Wales,2748,43.0734,74.1361
"1,049",10066,Penrith,New South Wales,2749,47.0936,74.1361
"1,050",10066,Penrith,New South Wales,2750,35.3705,74.1361
"1,051",10066,Penrith,New South Wales,2773,8.3936,74.1361
"1,052",10066,Penrith,New South Wales,2774,21.2999,74.1361
"1,053",10066,Penrith,New South Wales,2777,54.7327,74.1361
"1,054",10066,Penrith,New South Wales,2787,4632.7818,74.1361
"1,055",10067,Pittwater,New South Wales,2074,22.0151,153.8965
"1,056",10067,Pittwater,New South Wales,2075,17.7425,153.8965
"1,057",10067,Pittwater,New South Wales,2084,107.3731,153.8965
"1,058",10067,Pittwater,New South Wales,2085,16.0513,153.8965
"1,059",10067,Pittwater,New South Wales,2097,4.7508,153.8965
"1,060",10067,Pittwater,New South Wales,2099,18.7149,153.8965
"1,061",10067,Pittwater,New South Wales,2101,26.6694,153.8965
"1,062",10067,Pittwater,New South Wales,2102,4.136,153.8965
"1,063",10067,Pittwater,New South Wales,2103,4.6646,153.8965
"1,064",10067,Pittwater,New South Wales,2104,3.7163,153.8965
"1,065",10067,Pittwater,New South Wales,2105,2.1888,153.8965
"1,066",10067,Pittwater,New South Wales,2106,3.8119,153.8965
"1,067",10067,Pittwater,New South Wales,2107,7.8756,153.8965
"1,068",10067,Pittwater,New South Wales,2108,2.9542,153.8965
"1,069",10068,Port Macquarie,New South Wales,2426,71.3349,1416.6524
"1,070",10068,Port Macquarie,New South Wales,2427,39.8682,1416.6524
"1,071",10068,Port Macquarie,New South Wales,2429,1799.9008,1416.6524
"1,072",10068,Port Macquarie,New South Wales,2430,843.4816,1416.6524
"1,073",10068,Port Macquarie,New South Wales,2439,362.4229,1416.6524
"1,074",10068,Port Macquarie,New South Wales,2440,3604.2396,1416.6524
"1,075",10068,Port Macquarie,New South Wales,2441,992.7849,1416.6524
"1,076",10068,Port Macquarie,New South Wales,2443,312.5374,1416.6524
"1,077",10068,Port Macquarie,New South Wales,2444,222.4491,1416.6524
"1,078",10068,Port Macquarie,New South Wales,2445,76.8106,1416.6524
"1,079",10068,Port Macquarie,New South Wales,2446,2233.1607,1416.6524
"1,080",10068,Port Macquarie,New South Wales,2898,16.2918,1416.6524
"1,081",10069,Port Stephens,New South Wales,2315,32.3446,1165.3131
"1,082",10069,Port Stephens,New South Wales,2316,73.9271,1165.3131
"1,083",10069,Port Stephens,New South Wales,2317,9.734,1165.3131
"1,084",10069,Port Stephens,New South Wales,2318,259.5244,1165.3131
"1,085",10069,Port Stephens,New South Wales,2319,29.6406,1165.3131
"1,086",10069,Port Stephens,New South Wales,2320,403.8742,1165.3131
"1,087",10069,Port Stephens,New South Wales,2321,361.6288,1165.3131
"1,088",10069,Port Stephens,New South Wales,2322,168.2091,1165.3131
"1,089",10069,Port Stephens,New South Wales,2324,627.1611,1165.3131
"1,090",10069,Port Stephens,New South Wales,2420,1023.5128,1165.3131
"1,091",10069,Port Stephens,New South Wales,2421,244.7457,1165.3131
"1,092",10069,Port Stephens,New South Wales,2423,1346.2284,1165.3131
"1,093",10069,Port Stephens,New South Wales,2425,518.0099,1165.3131
"1,094",10070,Prospect,New South Wales,2145,27.5671,69.5288
"1,095",10070,Prospect,New South Wales,2146,6.0077,69.5288
"1,096",10070,Prospect,New South Wales,2147,15.9973,69.5288
"1,097",10070,Prospect,New South Wales,2148,37.6817,69.5288
"1,098",10070,Prospect,New South Wales,2160,8.4346,69.5288
"1,099",10070,Prospect,New South Wales,2164,20.5159,69.5288
"1,100",10070,Prospect,New South Wales,2165,11.12,69.5288
"1,101",10070,Prospect,New South Wales,2175,21.9683,69.5288
"1,102",10070,Prospect,New South Wales,2176,19.8468,69.5288
"1,103",10070,Prospect,New South Wales,2766,27.2383,69.5288
"1,104",10070,Prospect,New South Wales,2767,10.1088,69.5288
"1,105",10070,Prospect,New South Wales,2770,24.7303,69.5288
"1,106",10071,Riverstone,New South Wales,2147,15.9973,73.7265
"1,107",10071,Riverstone,New South Wales,2148,37.6817,73.7265
"1,108",10071,Riverstone,New South Wales,2153,25.5852,73.7265
"1,109",10071,Riverstone,New South Wales,2155,36.388,73.7265
"1,110",10071,Riverstone,New South Wales,2756,1486.8709,73.7265
"1,111",10071,Riverstone,New South Wales,2761,14.7648,73.7265
"1,112",10071,Riverstone,New South Wales,2762,12.5171,73.7265
"1,113",10071,Riverstone,New South Wales,2763,13.0157,73.7265
"1,114",10071,Riverstone,New South Wales,2765,127.5271,73.7265
"1,115",10071,Riverstone,New South Wales,2768,9.0194,73.7265
"1,116",10071,Riverstone,New South Wales,2769,4.6534,73.7265
"1,117",10072,Rockdale,New South Wales,2020,11.9607,21.1501
"1,118",10072,Rockdale,New South Wales,2044,3.8539,21.1501
"1,119",10072,Rockdale,New South Wales,2204,5.7904,21.1501
"1,120",10072,Rockdale,New South Wales,2205,4.244,21.1501
"1,121",10072,Rockdale,New South Wales,2206,5.9786,21.1501
"1,122",10072,Rockdale,New South Wales,2207,7.1852,21.1501
"1,123",10072,Rockdale,New South Wales,2208,4.459,21.1501
"1,124",10072,Rockdale,New South Wales,2216,5.5962,21.1501
"1,125",10072,Rockdale,New South Wales,2217,6.2487,21.1501
"1,126",10072,Rockdale,New South Wales,2218,2.6615,21.1501
"1,127",10072,Rockdale,New South Wales,2219,3.7807,21.1501
"1,128",10072,Rockdale,New South Wales,2221,5.3796,21.1501
"1,129",10073,Ryde,New South Wales,2073,10.2515,27.8286
"1,130",10073,Ryde,New South Wales,2074,22.0151,27.8286
"1,131",10073,Ryde,New South Wales,2112,9.3018,27.8286
"1,132",10073,Ryde,New South Wales,2113,13.2159,27.8286
"1,133",10073,Ryde,New South Wales,2114,7.3639,27.8286
"1,134",10073,Ryde,New South Wales,2115,3.9347,27.8286
"1,135",10073,Ryde,New South Wales,2117,7.1268,27.8286
"1,136",10073,Ryde,New South Wales,2121,9.2015,27.8286
"1,137",10073,Ryde,New South Wales,2122,9.0576,27.8286
"1,138",10074,Seven Hills,New South Wales,2145,27.5671,31.8131
"1,139",10074,Seven Hills,New South Wales,2146,6.0077,31.8131
"1,140",10074,Seven Hills,New South Wales,2147,15.9973,31.8131
"1,141",10074,Seven Hills,New South Wales,2148,37.6817,31.8131
"1,142",10074,Seven Hills,New South Wales,2150,5.8687,31.8131
"1,143",10074,Seven Hills,New South Wales,2151,10.7334,31.8131
"1,144",10074,Seven Hills,New South Wales,2152,4.2857,31.8131
"1,145",10074,Seven Hills,New South Wales,2153,25.5852,31.8131
"1,146",10074,Seven Hills,New South Wales,2768,9.0194,31.8131
"1,147",10075,Shellharbour,New South Wales,2500,27.1582,299.932
"1,148",10075,Shellharbour,New South Wales,2506,7.3207,299.932
"1,149",10075,Shellharbour,New South Wales,2526,132.2947,299.932
"1,150",10075,Shellharbour,New South Wales,2527,96.0646,299.932
"1,151",10075,Shellharbour,New South Wales,2528,11.2805,299.932
"1,152",10075,Shellharbour,New South Wales,2529,40.4513,299.932
"1,153",10075,Shellharbour,New South Wales,2530,88.3672,299.932
"1,154",10075,Shellharbour,New South Wales,2533,106.4039,299.932
"1,155",10075,Shellharbour,New South Wales,2560,411.3136,299.932
"1,156",10075,Shellharbour,New South Wales,2574,350.23,299.932
"1,157",10075,Shellharbour,New South Wales,2576,174.2442,299.932
"1,158",10075,Shellharbour,New South Wales,2577,1312.519,299.932
"1,159",10076,South Coast,New South Wales,2535,247.9753,2753.6115
"1,160",10076,South Coast,New South Wales,2536,974.8377,2753.6115
"1,161",10076,South Coast,New South Wales,2538,390.494,2753.6115
"1,162",10076,South Coast,New South Wales,2539,686.0289,2753.6115
"1,163",10076,South Coast,New South Wales,2540,1900.6655,2753.6115
"1,164",10076,South Coast,New South Wales,2541,45.432,2753.6115
"1,165",10076,South Coast,New South Wales,2622,4256.1145,2753.6115
"1,166",10077,Strathfield,New South Wales,2045,2.3828,22.7889
"1,167",10077,Strathfield,New South Wales,2046,6.0148,22.7889
"1,168",10077,Strathfield,New South Wales,2127,8.1408,22.7889
"1,169",10077,Strathfield,New South Wales,2131,3.4144,22.7889
"1,170",10077,Strathfield,New South Wales,2132,2.4354,22.7889
"1,171",10077,Strathfield,New South Wales,2133,2.5503,22.7889
"1,172",10077,Strathfield,New South Wales,2134,2.4456,22.7889
"1,173",10077,Strathfield,New South Wales,2135,6.5375,22.7889
"1,174",10077,Strathfield,New South Wales,2136,3.4638,22.7889
"1,175",10077,Strathfield,New South Wales,2137,7.3557,22.7889
"1,176",10077,Strathfield,New South Wales,2138,3.7811,22.7889
"1,177",10077,Strathfield,New South Wales,2140,3.7487,22.7889
"1,178",10077,Strathfield,New South Wales,2141,11.9359,22.7889
"1,179",10077,Strathfield,New South Wales,2190,9.7772,22.7889
"1,180",10077,Strathfield,New South Wales,2191,1.7826,22.7889
"1,181",10077,Strathfield,New South Wales,2193,4.1963,22.7889
"1,182",10077,Strathfield,New South Wales,2194,3.3734,22.7889
"1,183",10078,Summer Hill,New South Wales,2040,4.754,15.7888
"1,184",10078,Summer Hill,New South Wales,2042,2.0446,15.7888
"1,185",10078,Summer Hill,New South Wales,2044,3.8539,15.7888
"1,186",10078,Summer Hill,New South Wales,2045,2.3828,15.7888
"1,187",10078,Summer Hill,New South Wales,2046,6.0148,15.7888
"1,188",10078,Summer Hill,New South Wales,2049,1.929,15.7888
"1,189",10078,Summer Hill,New South Wales,2130,1.2031,15.7888
"1,190",10078,Summer Hill,New South Wales,2131,3.4144,15.7888
"1,191",10078,Summer Hill,New South Wales,2132,2.4354,15.7888
"1,192",10078,Summer Hill,New South Wales,2133,2.5503,15.7888
"1,193",10078,Summer Hill,New South Wales,2193,4.1963,15.7888
"1,194",10078,Summer Hill,New South Wales,2194,3.3734,15.7888
"1,195",10078,Summer Hill,New South Wales,2203,2.0929,15.7888
"1,196",10078,Summer Hill,New South Wales,2204,5.7904,15.7888
"1,197",10078,Summer Hill,New South Wales,2205,4.244,15.7888
"1,198",10078,Summer Hill,New South Wales,2206,5.9786,15.7888
"1,199",10079,Swansea,New South Wales,2259,524.7348,134.065
"1,200",10079,Swansea,New South Wales,2262,33.7717,134.065
"1,201",10079,Swansea,New South Wales,2263,22.3942,134.065
"1,202",10079,Swansea,New South Wales,2280,27.927,134.065
"1,203",10079,Swansea,New South Wales,2281,30.9078,134.065
"1,204",10079,Swansea,New South Wales,2282,11.2261,134.065
"1,205",10079,Swansea,New South Wales,2290,35.6998,134.065
"1,206",10080,Sydney,New South Wales,2000,4.2871,10.0867
"1,207",10080,Sydney,New South Wales,2007,0.5588,10.0867
"1,208",10080,Sydney,New South Wales,2008,0.845,10.0867
"1,209",10080,Sydney,New South Wales,2009,0.9299,10.0867
"1,210",10080,Sydney,New South Wales,2010,2.1733,10.0867
"1,211",10080,Sydney,New South Wales,2011,1.4054,10.0867
"1,212",10080,Sydney,New South Wales,2021,5.7186,10.0867
"1,213",10080,Sydney,New South Wales,2025,1.2307,10.0867
"1,214",10080,Sydney,New South Wales,2027,1.3761,10.0867
"1,215",10080,Sydney,New South Wales,2028,0.7929,10.0867
"1,216",10080,Sydney,New South Wales,2037,2.1374,10.0867
"1,217",10080,Sydney,New South Wales,2041,2.4666,10.0867
"1,218",10081,Tamworth,New South Wales,2337,3331.7268,21699.0151
"1,219",10081,Tamworth,New South Wales,2338,989.4776,21699.0151
"1,220",10081,Tamworth,New South Wales,2340,3352.9983,21699.0151
"1,221",10081,Tamworth,New South Wales,2341,227.9108,21699.0151
"1,222",10081,Tamworth,New South Wales,2342,561.0816,21699.0151
"1,223",10081,Tamworth,New South Wales,2343,3352.8926,21699.0151
"1,224",10081,Tamworth,New South Wales,2344,339.1674,21699.0151
"1,225",10081,Tamworth,New South Wales,2345,291.7831,21699.0151
"1,226",10081,Tamworth,New South Wales,2346,1967.8028,21699.0151
"1,227",10081,Tamworth,New South Wales,2347,3035.4851,21699.0151
"1,228",10081,Tamworth,New South Wales,2350,4543.2274,21699.0151
"1,229",10081,Tamworth,New South Wales,2352,434.2708,21699.0151
"1,230",10081,Tamworth,New South Wales,2353,198.8995,21699.0151
"1,231",10081,Tamworth,New South Wales,2354,7142.1491,21699.0151
"1,232",10081,Tamworth,New South Wales,2355,918.5516,21699.0151
"1,233",10081,Tamworth,New South Wales,2357,3305.5418,21699.0151
"1,234",10081,Tamworth,New South Wales,2358,1905.5433,21699.0151
"1,235",10081,Tamworth,New South Wales,2359,1294.1139,21699.0151
"1,236",10081,Tamworth,New South Wales,2379,1114.41,21699.0151
"1,237",10081,Tamworth,New South Wales,2380,2089.1897,21699.0151
"1,238",10081,Tamworth,New South Wales,2381,2052.3174,21699.0151
"1,239",10081,Tamworth,New South Wales,2382,1826.3389,21699.0151
"1,240",10081,Tamworth,New South Wales,2388,6699.0871,21699.0151
"1,241",10081,Tamworth,New South Wales,2390,4217.1072,21699.0151
"1,242",10081,Tamworth,New South Wales,2422,3212.5916,21699.0151
"1,243",10081,Tamworth,New South Wales,2424,881.6889,21699.0151
"1,244",10081,Tamworth,New South Wales,2440,3604.2396,21699.0151
"1,245",10081,Tamworth,New South Wales,2446,2233.1607,21699.0151
"1,246",10082,Terrigal,New South Wales,2250,691.6342,115.3885
"1,247",10082,Terrigal,New South Wales,2251,43.5444,115.3885
"1,248",10082,Terrigal,New South Wales,2257,29.3795,115.3885
"1,249",10082,Terrigal,New South Wales,2260,23.6207,115.3885
"1,250",10082,Terrigal,New South Wales,2261,51.4591,115.3885
"1,251",10083,The Entrance,New South Wales,2250,691.6342,97.8768
"1,252",10083,The Entrance,New South Wales,2258,121.2568,97.8768
"1,253",10083,The Entrance,New South Wales,2259,524.7348,97.8768
"1,254",10083,The Entrance,New South Wales,2260,23.6207,97.8768
"1,255",10083,The Entrance,New South Wales,2261,51.4591,97.8768
"1,256",10084,Tweed,New South Wales,2482,180.2681,500.4843
"1,257",10084,Tweed,New South Wales,2483,182.7314,500.4843
"1,258",10084,Tweed,New South Wales,2484,972.2983,500.4843
"1,259",10084,Tweed,New South Wales,2485,13.73,500.4843
"1,260",10084,Tweed,New South Wales,2486,100.3781,500.4843
"1,261",10084,Tweed,New South Wales,2487,66.6066,500.4843
"1,262",10084,Tweed,New South Wales,2488,13.626,500.4843
"1,263",10084,Tweed,New South Wales,2489,14.5419,500.4843
"1,264",10084,Tweed,New South Wales,2490,22.4375,500.4843
"1,265",10085,Upper Hunter,New South Wales,2311,783.5898,27649.2833
"1,266",10085,Upper Hunter,New South Wales,2320,403.8742,27649.2833
"1,267",10085,Upper Hunter,New South Wales,2321,361.6288,27649.2833
"1,268",10085,Upper Hunter,New South Wales,2324,627.1611,27649.2833
"1,269",10085,Upper Hunter,New South Wales,2328,1634.8508,27649.2833
"1,270",10085,Upper Hunter,New South Wales,2329,3056.2045,27649.2833
"1,271",10085,Upper Hunter,New South Wales,2330,4730.8949,27649.2833
"1,272",10085,Upper Hunter,New South Wales,2331,137.2978,27649.2833
"1,273",10085,Upper Hunter,New South Wales,2333,1691.3907,27649.2833
"1,274",10085,Upper Hunter,New South Wales,2334,20.7073,27649.2833
"1,275",10085,Upper Hunter,New South Wales,2335,268.4372,27649.2833
"1,276",10085,Upper Hunter,New South Wales,2336,888.9717,27649.2833
"1,277",10085,Upper Hunter,New South Wales,2337,3331.7268,27649.2833
"1,278",10085,Upper Hunter,New South Wales,2338,989.4776,27649.2833
"1,279",10085,Upper Hunter,New South Wales,2339,1120.8458,27649.2833
"1,280",10085,Upper Hunter,New South Wales,2340,3352.9983,27649.2833
"1,281",10085,Upper Hunter,New South Wales,2341,227.9108,27649.2833
"1,282",10085,Upper Hunter,New South Wales,2343,3352.8926,27649.2833
"1,283",10085,Upper Hunter,New South Wales,2354,7142.1491,27649.2833
"1,284",10085,Upper Hunter,New South Wales,2381,2052.3174,27649.2833
"1,285",10085,Upper Hunter,New South Wales,2415,451.8325,27649.2833
"1,286",10085,Upper Hunter,New South Wales,2420,1023.5128,27649.2833
"1,287",10085,Upper Hunter,New South Wales,2421,244.7457,27649.2833
"1,288",10085,Upper Hunter,New South Wales,2422,3212.5916,27649.2833
"1,289",10085,Upper Hunter,New South Wales,2423,1346.2284,27649.2833
"1,290",10085,Upper Hunter,New South Wales,2424,881.6889,27649.2833
"1,291",10085,Upper Hunter,New South Wales,2425,518.0099,27649.2833
"1,292",10085,Upper Hunter,New South Wales,2429,1799.9008,27649.2833
"1,293",10085,Upper Hunter,New South Wales,2843,1590.9154,27649.2833
"1,294",10085,Upper Hunter,New South Wales,2849,2801.0405,27649.2833
"1,295",10085,Upper Hunter,New South Wales,2850,6005.3758,27649.2833
"1,296",10085,Upper Hunter,New South Wales,2852,1240.991,27649.2833
"1,297",10086,Vaucluse,New South Wales,2011,1.4054,15.5542
"1,298",10086,Vaucluse,New South Wales,2021,5.7186,15.5542
"1,299",10086,Vaucluse,New South Wales,2022,1.9228,15.5542
"1,300",10086,Vaucluse,New South Wales,2023,2.3731,15.5542
"1,301",10086,Vaucluse,New South Wales,2025,1.2307,15.5542
"1,302",10086,Vaucluse,New South Wales,2026,3.6477,15.5542
"1,303",10086,Vaucluse,New South Wales,2027,1.3761,15.5542
"1,304",10086,Vaucluse,New South Wales,2028,0.7929,15.5542
"1,305",10086,Vaucluse,New South Wales,2029,2.5286,15.5542
"1,306",10086,Vaucluse,New South Wales,2030,4.6636,15.5542
"1,307",10087,Wagga Wagga,New South Wales,2582,3130.1184,12108.5085
"1,308",10087,Wagga Wagga,New South Wales,2611,1558.6312,12108.5085
"1,309",10087,Wagga Wagga,New South Wales,2620,2869.8201,12108.5085
"1,310",10087,Wagga Wagga,New South Wales,2629,2054.5144,12108.5085
"1,311",10087,Wagga Wagga,New South Wales,2642,4076.8,12108.5085
"1,312",10087,Wagga Wagga,New South Wales,2644,2157.7365,12108.5085
"1,313",10087,Wagga Wagga,New South Wales,2645,1181.6879,12108.5085
"1,314",10087,Wagga Wagga,New South Wales,2649,247.113,12108.5085
"1,315",10087,Wagga Wagga,New South Wales,2650,4061.238,12108.5085
"1,316",10087,Wagga Wagga,New South Wales,2651,34.62,12108.5085
"1,317",10087,Wagga Wagga,New South Wales,2652,6116.1137,12108.5085
"1,318",10087,Wagga Wagga,New South Wales,2653,1228.8205,12108.5085
"1,319",10087,Wagga Wagga,New South Wales,2655,427.2763,12108.5085
"1,320",10087,Wagga Wagga,New South Wales,2656,1497.1368,12108.5085
"1,321",10087,Wagga Wagga,New South Wales,2658,748.0545,12108.5085
"1,322",10087,Wagga Wagga,New South Wales,2659,367.5445,12108.5085
"1,323",10087,Wagga Wagga,New South Wales,2661,14.7623,12108.5085
"1,324",10087,Wagga Wagga,New South Wales,2678,3.5099,12108.5085
"1,325",10087,Wagga Wagga,New South Wales,2700,3016.2983,12108.5085
"1,326",10087,Wagga Wagga,New South Wales,2701,852.1158,12108.5085
"1,327",10087,Wagga Wagga,New South Wales,2702,439.8686,12108.5085
"1,328",10087,Wagga Wagga,New South Wales,2720,2485.6548,12108.5085
"1,329",10087,Wagga Wagga,New South Wales,2722,1576.1373,12108.5085
"1,330",10087,Wagga Wagga,New South Wales,2727,772.9227,12108.5085
"1,331",10087,Wagga Wagga,New South Wales,2729,933.1202,12108.5085
"1,332",10087,Wagga Wagga,New South Wales,2730,420.4856,12108.5085
"1,333",10088,Wakehurst,New South Wales,2085,16.0513,39.777
"1,334",10088,Wakehurst,New South Wales,2086,8.0742,39.777
"1,335",10088,Wakehurst,New South Wales,2087,8.9311,39.777
"1,336",10088,Wakehurst,New South Wales,2092,3.1079,39.777
"1,337",10088,Wakehurst,New South Wales,2093,7.529,39.777
"1,338",10088,Wakehurst,New South Wales,2097,4.7508,39.777
"1,339",10088,Wakehurst,New South Wales,2099,18.7149,39.777
"1,340",10088,Wakehurst,New South Wales,2100,13.4698,39.777
"1,341",10088,Wakehurst,New South Wales,2101,26.6694,39.777
"1,342",10089,Wallsend,New South Wales,2284,24.2726,116.7402
"1,343",10089,Wallsend,New South Wales,2285,32.3918,116.7402
"1,344",10089,Wallsend,New South Wales,2287,38.0741,116.7402
"1,345",10089,Wallsend,New South Wales,2289,11.413,116.7402
"1,346",10089,Wallsend,New South Wales,2292,2.873,116.7402
"1,347",10089,Wallsend,New South Wales,2298,4.0311,116.7402
"1,348",10089,Wallsend,New South Wales,2299,5.2319,116.7402
"1,349",10089,Wallsend,New South Wales,2304,39.3891,116.7402
"1,350",10089,Wallsend,New South Wales,2305,8.894,116.7402
"1,351",10089,Wallsend,New South Wales,2307,6.5582,116.7402
"1,352",10089,Wallsend,New South Wales,2308,1.7907,116.7402
"1,353",10089,Wallsend,New South Wales,2322,168.2091,116.7402
"1,354",10090,Willoughby,New South Wales,2060,2.6912,21.8714
"1,355",10090,Willoughby,New South Wales,2062,1.5527,21.8714
"1,356",10090,Willoughby,New South Wales,2063,2.7281,21.8714
"1,357",10090,Willoughby,New South Wales,2064,2.5348,21.8714
"1,358",10090,Willoughby,New South Wales,2065,5.6781,21.8714
"1,359",10090,Willoughby,New South Wales,2066,9.5786,21.8714
"1,360",10090,Willoughby,New South Wales,2067,5.8196,21.8714
"1,361",10090,Willoughby,New South Wales,2068,5.6655,21.8714
"1,362",10090,Willoughby,New South Wales,2069,7.5302,21.8714
"1,363",10090,Willoughby,New South Wales,2070,7.4617,21.8714
"1,364",10090,Willoughby,New South Wales,2088,8.6503,21.8714
"1,365",10090,Willoughby,New South Wales,2089,1.5036,21.8714
"1,366",10090,Willoughby,New South Wales,2090,2.0654,21.8714
"1,367",10090,Willoughby,New South Wales,2113,13.2159,21.8714
"1,368",10091,Wollondilly,New South Wales,2173,192.8683,3335.1419
"1,369",10091,Wollondilly,New South Wales,2508,162.241,3335.1419
"1,370",10091,Wollondilly,New South Wales,2526,132.2947,3335.1419
"1,371",10091,Wollondilly,New South Wales,2560,411.3136,3335.1419
"1,372",10091,Wollondilly,New South Wales,2563,11.5603,3335.1419
"1,373",10091,Wollondilly,New South Wales,2568,34.0936,3335.1419
"1,374",10091,Wollondilly,New South Wales,2569,26.7707,3335.1419
"1,375",10091,Wollondilly,New South Wales,2570,469.0775,3335.1419
"1,376",10091,Wollondilly,New South Wales,2571,250.2842,3335.1419
"1,377",10091,Wollondilly,New South Wales,2572,106.1734,3335.1419
"1,378",10091,Wollondilly,New South Wales,2573,16.9784,3335.1419
"1,379",10091,Wollondilly,New South Wales,2574,350.23,3335.1419
"1,380",10091,Wollondilly,New South Wales,2575,981.4743,3335.1419
"1,381",10091,Wollondilly,New South Wales,2576,174.2442,3335.1419
"1,382",10091,Wollondilly,New South Wales,2577,1312.519,3335.1419
"1,383",10091,Wollondilly,New South Wales,2580,5512.6655,3335.1419
"1,384",10091,Wollondilly,New South Wales,2745,168.7608,3335.1419
"1,385",10091,Wollondilly,New South Wales,2752,53.5688,3335.1419
"1,386",10091,Wollondilly,New South Wales,2787,4632.7818,3335.1419
"1,387",10092,Wollongong,New South Wales,2500,27.1582,78.8145
"1,388",10092,Wollongong,New South Wales,2502,9.1601,78.8145
"1,389",10092,Wollongong,New South Wales,2505,13.8266,78.8145
"1,390",10092,Wollongong,New South Wales,2506,7.3207,78.8145
"1,391",10092,Wollongong,New South Wales,2518,12.7193,78.8145
"1,392",10092,Wollongong,New South Wales,2519,9.2816,78.8145
"1,393",10092,Wollongong,New South Wales,2525,8.5595,78.8145
"1,394",10092,Wollongong,New South Wales,2526,132.2947,78.8145
"1,395",10092,Wollongong,New South Wales,2528,11.2805,78.8145
"1,396",10092,Wollongong,New South Wales,2530,88.3672,78.8145
"1,397",10093,Wyong,New South Wales,2250,691.6342,595.3615
"1,398",10093,Wyong,New South Wales,2258,121.2568,595.3615
"1,399",10093,Wyong,New South Wales,2259,524.7348,595.3615
"1,400",10093,Wyong,New South Wales,2261,51.4591,595.3615
"1,401",10093,Wyong,New South Wales,2262,33.7717,595.3615
"1,402",10093,Wyong,New South Wales,2263,22.3942,595.3615
"1,403",10093,Wyong,New South Wales,2264,115.1942,595.3615
"1,404",10093,Wyong,New South Wales,2265,136.0018,595.3615
"1,405",10093,Wyong,New South Wales,2325,1605.0648,595.3615
"1,406",20604,Benambra (Northern Victoria),Victoria,2627,1994.6112,10077.1374
"1,407",20604,Benambra (Northern Victoria),Victoria,2640,1029.4042,10077.1374
"1,408",20604,Benambra (Northern Victoria),Victoria,2642,4076.8,10077.1374
"1,409",20604,Benambra (Northern Victoria),Victoria,2643,156.4024,10077.1374
"1,410",20604,Benambra (Northern Victoria),Victoria,2644,2157.7365,10077.1374
"1,411",20604,Benambra (Northern Victoria),Victoria,2646,2895.4549,10077.1374
"1,412",23502,Gippsland East (Eastern Victoria),Victoria,2550,3966.6591,27538.0194
"1,413",23502,Gippsland East (Eastern Victoria),Victoria,2551,1397.7681,27538.0194
"1,414",23502,Gippsland East (Eastern Victoria),Victoria,2627,1994.6112,27538.0194
"1,415",23502,Gippsland East (Eastern Victoria),Victoria,2628,2337.0094,27538.0194
"1,416",23502,Gippsland East (Eastern Victoria),Victoria,2632,1824.9879,27538.0194
"1,417",23502,Gippsland East (Eastern Victoria),Victoria,2633,766.4927,27538.0194
"1,418",24904,Mildura (Northern Victoria),Victoria,2648,23909.7281,35693.0131
"1,419",24904,Mildura (Northern Victoria),Victoria,2715,13749.9032,35693.0131
"1,420",24904,Mildura (Northern Victoria),Victoria,2717,120.7928,35693.0131
"1,421",24904,Mildura (Northern Victoria),Victoria,2735,271.5656,35693.0131
"1,422",24904,Mildura (Northern Victoria),Victoria,2736,213.1077,35693.0131
"1,423",24904,Mildura (Northern Victoria),Victoria,2737,3345.8754,35693.0131
"1,424",24904,Mildura (Northern Victoria),Victoria,2738,2066.851,35693.0131
"1,425",24904,Mildura (Northern Victoria),Victoria,2739,50.1706,35693.0131
"1,426",25704,Murray Plains (Northern Victoria),Victoria,2731,1428.1661,11896.2983
"1,427",25704,Murray Plains (Northern Victoria),Victoria,2732,1849.8263,11896.2983
"1,428",25704,Murray Plains (Northern Victoria),Victoria,2734,1755.2448,11896.2983
"1,429",25704,Murray Plains (Northern Victoria),Victoria,2735,271.5656,11896.2983
"1,430",26504,Ovens Valley (Northern Victoria),Victoria,2646,2895.4549,9628.1931
"1,431",26504,Ovens Valley (Northern Victoria),Victoria,2647,357.3501,9628.1931
"1,432",26504,Ovens Valley (Northern Victoria),Victoria,2712,966.5102,9628.1931
"1,433",26504,Ovens Valley (Northern Victoria),Victoria,2714,708.9706,9628.1931
"1,434",27504,Shepparton (Northern Victoria),Victoria,2710,10466.1631,3315.7461
"1,435",27504,Shepparton (Northern Victoria),Victoria,2714,708.9706,3315.7461
"1,436",27504,Shepparton (Northern Victoria),Victoria,2731,1428.1661,3315.7461
"1,437",30024,Currumbin,Queensland,2484,972.2983,137.6286
"1,438",30024,Currumbin,Queensland,2485,13.73,137.6286
"1,439",30024,Currumbin,Queensland,2486,100.3781,137.6286
"1,440",30059,Mudgeeraba,Queensland,2484,972.2983,405.6403
"1,441",30075,Scenic Rim,Queensland,2474,1537.5939,4801.8278
"1,442",30075,Scenic Rim,Queensland,2476,805.3354,4801.8278
"1,443",30075,Scenic Rim,Queensland,2484,972.2983,4801.8278
"1,444",30077,Southern Downs,Queensland,2361,1963.1502,30889.152
"1,445",30077,Southern Downs,Queensland,2372,4894.7861,30889.152
"1,446",30077,Southern Downs,Queensland,2405,3418.239,30889.152
"1,447",30077,Southern Downs,Queensland,2406,3283.9561,30889.152
"1,448",30077,Southern Downs,Queensland,2409,1607.1651,30889.152
"1,449",30077,Southern Downs,Queensland,2410,1530.5927,30889.152
"1,450",30077,Southern Downs,Queensland,2476,805.3354,30889.152
"1,451",30090,Warrego,Queensland,2406,3283.9561,337676.4658
"1,452",30090,Warrego,Queensland,2833,5044.6803,337676.4658
"1,453",30090,Warrego,Queensland,2834,2828.007,337676.4658
"1,454",30090,Warrego,Queensland,2838,3487.8165,337676.4658
"1,455",30090,Warrego,Queensland,2839,12282.839,337676.4658
"1,456",30090,Warrego,Queensland,2840,62474.6022,337676.4658
"1,457",30090,Warrego,Queensland,2880,66191.4077,337676.4658
"1,458",40005,Chaffey,South Australia,2648,23909.7281,30005.5527
"1,459",40041,Stuart,South Australia,2648,23909.7281,320483.7679
"1,460",40041,Stuart,South Australia,2880,66191.4077,320483.7679
"1,461",80001,Brindabella,Australian Capital Territory,2607,10.2741,1614.9276
"1,462",80001,Brindabella,Australian Capital Territory,2609,127.7951,1614.9276
"1,463",80001,Brindabella,Australian Capital Territory,2611,1558.6312,1614.9276
"1,464",80001,Brindabella,Australian Capital Territory,2620,2869.8201,1614.9276
"1,465",80001,Brindabella,Australian Capital Territory,2626,383.5704,1614.9276
"1,466",80001,Brindabella,Australian Capital Territory,2629,2054.5144,1614.9276
"1,467",80001,Brindabella,Australian Capital Territory,2630,4206.3548,1614.9276
"1,468",80001,Brindabella,Australian Capital Territory,2900,101.0226,1614.9276
"1,469",80001,Brindabella,Australian Capital Territory,2902,11.3361,1614.9276
"1,470",80001,Brindabella,Australian Capital Territory,2903,6.484,1614.9276
"1,471",80001,Brindabella,Australian Capital Territory,2904,9.7514,1614.9276
"1,472",80001,Brindabella,Australian Capital Territory,2905,19.8141,1614.9276
"1,473",80001,Brindabella,Australian Capital Territory,2906,11.2186,1614.9276
"1,474",80002,Ginninderra,Australian Capital Territory,2601,15.233,105.0552
"1,475",80002,Ginninderra,Australian Capital Territory,2602,21.9723,105.0552
"1,476",80002,Ginninderra,Australian Capital Territory,2611,1558.6312,105.0552
"1,477",80002,Ginninderra,Australian Capital Territory,2614,11.1345,105.0552
"1,478",80002,Ginninderra,Australian Capital Territory,2615,36.9984,105.0552
"1,479",80002,Ginninderra,Australian Capital Territory,2617,37.0115,105.0552
"1,480",80002,Ginninderra,Australian Capital Territory,2618,216.6295,105.0552
"1,481",80002,Ginninderra,Australian Capital Territory,2911,5.0536,105.0552
"1,482",80002,Ginninderra,Australian Capital Territory,2913,21.81,105.0552
"1,483",80003,Kurrajong,Australian Capital Territory,2600,23.345,289.3371
"1,484",80003,Kurrajong,Australian Capital Territory,2601,15.233,289.3371
"1,485",80003,Kurrajong,Australian Capital Territory,2602,21.9723,289.3371
"1,486",80003,Kurrajong,Australian Capital Territory,2603,9.2066,289.3371
"1,487",80003,Kurrajong,Australian Capital Territory,2604,5.4946,289.3371
"1,488",80003,Kurrajong,Australian Capital Territory,2605,9.2938,289.3371
"1,489",80003,Kurrajong,Australian Capital Territory,2606,9.0325,289.3371
"1,490",80003,Kurrajong,Australian Capital Territory,2607,10.2741,289.3371
"1,491",80003,Kurrajong,Australian Capital Territory,2609,127.7951,289.3371
"1,492",80003,Kurrajong,Australian Capital Territory,2611,1558.6312,289.3371
"1,493",80003,Kurrajong,Australian Capital Territory,2612,9.4532,289.3371
"1,494",80003,Kurrajong,Australian Capital Territory,2614,11.1345,289.3371
"1,495",80003,Kurrajong,Australian Capital Territory,2617,37.0115,289.3371
"1,496",80003,Kurrajong,Australian Capital Territory,2619,11.3316,289.3371
"1,497",80003,Kurrajong,Australian Capital Territory,2620,2869.8201,289.3371
"1,498",80003,Kurrajong,Australian Capital Territory,2621,853.2512,289.3371
"1,499",80003,Kurrajong,Australian Capital Territory,2900,101.0226,289.3371
"1,500",80003,Kurrajong,Australian Capital Territory,2911,5.0536,289.3371
"1,501",80003,Kurrajong,Australian Capital Territory,2912,31.9188,289.3371
"1,502",80004,Murrumbidgee,Australian Capital Territory,2600,23.345,248.916
"1,503",80004,Murrumbidgee,Australian Capital Territory,2601,15.233,248.916
"1,504",80004,Murrumbidgee,Australian Capital Territory,2603,9.2066,248.916
"1,505",80004,Murrumbidgee,Australian Capital Territory,2605,9.2938,248.916
"1,506",80004,Murrumbidgee,Australian Capital Territory,2606,9.0325,248.916
"1,507",80004,Murrumbidgee,Australian Capital Territory,2607,10.2741,248.916
"1,508",80004,Murrumbidgee,Australian Capital Territory,2609,127.7951,248.916
"1,509",80004,Murrumbidgee,Australian Capital Territory,2611,1558.6312,248.916
"1,510",80004,Murrumbidgee,Australian Capital Territory,2615,36.9984,248.916
"1,511",80004,Murrumbidgee,Australian Capital Territory,2618,216.6295,248.916
"1,512",80004,Murrumbidgee,Australian Capital Territory,2620,2869.8201,248.916
"1,513",80004,Murrumbidgee,Australian Capital Territory,2900,101.0226,248.916
"1,514",80004,Murrumbidgee,Australian Capital Territory,2902,11.3361,248.916
"1,515",80004,Murrumbidgee,Australian Capital Territory,2903,6.484,248.916
"1,516",80005,Yerrabi,Australian Capital Territory,2602,21.9723,99.8971
"1,517",80005,Yerrabi,Australian Capital Territory,2609,127.7951,99.8971
"1,518",80005,Yerrabi,Australian Capital Territory,2617,37.0115,99.8971
"1,519",80005,Yerrabi,Australian Capital Territory,2618,216.6295,99.8971
"1,520",80005,Yerrabi,Australian Capital Territory,2620,2869.8201,99.8971
"1,521",80005,Yerrabi,Australian Capital Territory,2911,5.0536,99.8971
"1,522",80005,Yerrabi,Australian Capital Territory,2912,31.9188,99.8971
"1,523",80005,Yerrabi,Australian Capital Territory,2913,21.81,99.8971
"1,524",80005,Yerrabi,Australian Capital Territory,2914,16.4832,99.8971
"1,525",99191,Unclassified (OT),Other Territories,2540,1900.6655,255.742
"1,526",99191,Unclassified (OT),Other Territories,2899,38.651,255.742
